"co_pcdt","qt_paciente_m","qt_paciente_f","qt_obito_m","qt_obito_f","sg_faixa_etaria","qt_registros_pcdt"
0,14,18,0,0,"00-04",6100
0,26,29,0,0,"05-09",6100
0,62,43,0,0,"10-14",6100
0,85,66,0,0,"15-19",6100
0,109,93,0,0,"20-24",6100
0,138,126,0,0,"25-29",6100
0,154,147,0,0,"30-34",6100
0,165,195,0,0,"35-39",6100
0,229,274,0,0,"40-44",6100
0,251,299,0,0,"45-49",6100
0,290,400,0,0,"50-54",6100
0,345,390,1,0,"55-59",6100
0,295,409,0,0,"60-64",6100
0,252,325,0,0,"65-69",6100
0,196,266,0,0,"70-74",6100
0,133,158,0,0,"75-79",6100
0,56,113,0,0,"80-84",6100
0,30,36,0,0,"85-89",6100
0,5,7,0,0,"90+",6100
1,393,278,0,0,"00-04",416151
1,408,274,0,0,"05-09",416151
1,14642,8493,0,0,"10-14",416151
1,151879,62502,0,0,"15-19",416151
1,46384,48601,0,0,"20-24",416151
1,16433,36145,0,0,"25-29",416151
1,6940,21776,0,0,"30-34",416151
1,3143,11312,0,0,"35-39",416151
1,1457,4824,0,0,"40-44",416151
1,919,1969,0,0,"45-49",416151
1,475,726,0,0,"50-54",416151
1,287,296,0,0,"55-59",416151
1,168,171,0,0,"60-64",416151
1,110,85,0,0,"65-69",416151
1,105,70,0,0,"70-74",416151
1,60,53,0,0,"75-79",416151
1,18,38,0,0,"80-84",416151
1,14,23,0,0,"85-89",416151
1,34,29,0,0,"90+",416151
1,12,9,0,0,SemInfo,416151
2,98,104,0,0,"00-04",28751
2,158,169,0,0,"05-09",28751
2,288,266,0,0,"10-14",28751
2,388,888,1,0,"15-19",28751
2,493,1620,0,0,"20-24",28751
2,607,2524,0,0,"25-29",28751
2,706,2986,0,0,"30-34",28751
2,876,2986,0,1,"35-39",28751
2,838,2813,0,0,"40-44",28751
2,873,2281,0,0,"45-49",28751
2,794,1466,0,0,"50-54",28751
2,750,1009,1,0,"55-59",28751
2,574,730,1,1,"60-64",28751
2,393,515,0,0,"65-69",28751
2,258,367,0,0,"70-74",28751
2,149,237,0,1,"75-79",28751
2,91,108,0,0,"80-84",28751
2,35,28,0,0,"85-89",28751
2,13,19,0,0,"90+",28751
2,1,3,0,0,SemInfo,28751
3,42,32,0,0,"00-04",15921
3,53,45,0,0,"05-09",15921
3,90,67,0,0,"10-14",15921
3,109,105,0,1,"15-19",15921
3,160,149,0,0,"20-24",15921
3,230,253,0,0,"25-29",15921
3,301,377,0,0,"30-34",15921
3,338,379,0,0,"35-39",15921
3,480,476,2,0,"40-44",15921
3,698,660,0,0,"45-49",15921
3,862,828,3,0,"50-54",15921
3,926,973,2,3,"55-59",15921
3,814,944,2,6,"60-64",15921
3,759,831,0,1,"65-69",15921
3,615,741,0,1,"70-74",15921
3,537,652,3,1,"75-79",15921
3,430,505,1,0,"80-84",15921
3,242,281,2,0,"85-89",15921
3,116,112,0,1,"90+",15921
4,99,64,0,0,"00-04",1914
4,79,62,0,0,"05-09",1914
4,65,119,0,0,"10-14",1914
4,54,95,0,0,"15-19",1914
4,37,116,0,0,"20-24",1914
4,46,104,0,0,"25-29",1914
4,26,120,0,0,"30-34",1914
4,36,103,0,0,"35-39",1914
4,40,87,0,0,"40-44",1914
4,33,72,0,0,"45-49",1914
4,29,84,0,0,"50-54",1914
4,31,70,0,0,"55-59",1914
4,35,58,0,0,"60-64",1914
4,18,38,0,1,"65-69",1914
4,14,33,0,0,"70-74",1914
4,15,36,0,0,"75-79",1914
4,10,19,0,0,"80-84",1914
4,5,3,0,0,"85-89",1914
4,2,2,0,0,"90+",1914
4,0,1,0,0,SemInfo,1914
5,608,352,0,0,"00-04",451596
5,599,476,2,0,"05-09",451596
5,1043,1075,0,1,"10-14",451596
5,2618,2402,0,2,"15-19",451596
5,5068,4515,3,4,"20-24",451596
5,7706,7119,10,2,"25-29",451596
5,9839,8989,9,5,"30-34",451596
5,12153,10872,19,18,"35-39",451596
5,15387,13110,22,9,"40-44",451596
5,20243,15826,30,25,"45-49",451596
5,25839,18764,35,21,"50-54",451596
5,30306,21096,41,31,"55-59",451596
5,30907,22780,61,44,"60-64",451596
5,27751,21315,68,49,"65-69",451596
5,22957,18602,47,30,"70-74",451596
5,18460,15667,43,32,"75-79",451596
5,12728,11634,32,35,"80-84",451596
5,7094,6871,24,15,"85-89",451596
5,3067,3046,8,5,"90+",451596
5,6,3,0,0,SemInfo,451596
6,3,1,0,0,"00-04",1305
6,10,6,0,0,"05-09",1305
6,17,25,0,0,"10-14",1305
6,46,56,0,0,"15-19",1305
6,37,71,0,0,"20-24",1305
6,50,106,0,0,"25-29",1305
6,51,81,0,0,"30-34",1305
6,27,88,0,0,"35-39",1305
6,31,86,0,0,"40-44",1305
6,30,90,0,0,"45-49",1305
6,41,81,0,0,"50-54",1305
6,33,60,0,0,"55-59",1305
6,23,47,0,0,"60-64",1305
6,23,30,0,0,"65-69",1305
6,17,24,0,0,"70-74",1305
6,15,19,0,0,"75-79",1305
6,5,12,0,0,"80-84",1305
6,2,2,0,0,"85-89",1305
6,0,1,0,0,"90+",1305
7,35,36,0,0,"00-04",4500
7,78,58,0,0,"05-09",4500
7,100,111,0,0,"10-14",4500
7,112,156,0,0,"15-19",4500
7,119,196,0,0,"20-24",4500
7,133,269,0,0,"25-29",4500
7,130,238,0,0,"30-34",4500
7,125,264,0,0,"35-39",4500
7,190,296,0,0,"40-44",4500
7,196,278,0,0,"45-49",4500
7,163,233,0,0,"50-54",4500
7,146,235,0,0,"55-59",4500
7,102,153,0,0,"60-64",4500
7,79,112,0,0,"65-69",4500
7,46,67,0,0,"70-74",4500
7,32,37,0,0,"75-79",4500
7,17,22,0,0,"80-84",4500
7,7,10,0,0,"85-89",4500
7,4,2,0,0,"90+",4500
8,7,21,0,0,"00-04",27081
8,22,32,0,0,"05-09",27081
8,67,69,0,0,"10-14",27081
8,139,231,0,0,"15-19",27081
8,337,397,0,0,"20-24",27081
8,612,739,0,0,"25-29",27081
8,1059,1127,1,0,"30-34",27081
8,1408,1344,0,0,"35-39",27081
8,1658,1421,0,0,"40-44",27081
8,1946,1712,0,0,"45-49",27081
8,1921,2093,2,0,"50-54",27081
8,1614,2004,2,0,"55-59",27081
8,1180,1496,0,0,"60-64",27081
8,721,886,0,0,"65-69",27081
8,360,481,0,0,"70-74",27081
8,178,251,0,0,"75-79",27081
8,54,109,0,0,"80-84",27081
8,14,21,0,0,"85-89",27081
8,7,6,0,0,"90+",27081
8,0,1,0,0,SemInfo,27081
9,1,2,0,0,"05-09",381
9,1,0,0,0,"10-14",381
9,6,5,0,0,"15-19",381
9,32,6,0,0,"20-24",381
9,18,21,0,0,"25-29",381
9,22,21,0,0,"30-34",381
9,27,21,0,0,"35-39",381
9,35,27,0,0,"40-44",381
9,24,27,0,0,"45-49",381
9,10,22,0,0,"50-54",381
9,10,18,0,0,"55-59",381
9,3,9,0,0,"60-64",381
9,2,5,0,0,"65-69",381
9,0,6,0,0,"70-74",381
9,1,5,0,0,"75-79",381
9,0,1,0,0,"85-89",381
10,348,853,0,0,"00-04",311613
10,758,1497,0,0,"05-09",311613
10,1539,2524,0,1,"10-14",311613
10,1522,3448,0,0,"15-19",311613
10,1776,5255,0,0,"20-24",311613
10,2439,8671,0,0,"25-29",311613
10,3208,13183,3,0,"30-34",311613
10,4063,17533,1,1,"35-39",311613
10,5045,22995,1,1,"40-44",311613
10,6009,30713,1,8,"45-49",311613
10,6992,38311,2,14,"50-54",311613
10,7084,37250,4,14,"55-59",311613
10,5955,30211,1,17,"60-64",311613
10,4517,21849,7,10,"65-69",311613
10,3049,14044,4,11,"70-74",311613
10,1808,8088,1,3,"75-79",311613
10,781,3421,1,3,"80-84",311613
10,222,1011,1,0,"85-89",311613
10,54,285,0,1,"90+",311613
10,5,9,0,0,SemInfo,311613
11,4133,3063,0,0,"00-04",610467
11,15759,10674,3,0,"05-09",610467
11,18856,13816,0,0,"10-14",610467
11,8098,11483,1,0,"15-19",610467
11,5335,11023,2,0,"20-24",610467
11,6568,15203,0,2,"25-29",610467
11,8314,19856,0,1,"30-34",610467
11,9414,22783,2,2,"35-39",610467
11,10670,27137,0,7,"40-44",610467
11,12785,31981,7,2,"45-49",610467
11,16506,36472,11,8,"50-54",610467
11,20768,38281,17,13,"55-59",610467
11,23909,38138,33,26,"60-64",610467
11,24621,34629,43,32,"65-69",610467
11,23626,29188,50,43,"70-74",610467
11,18396,21045,52,30,"75-79",610467
11,10503,11920,36,20,"80-84",610467
11,4210,4616,7,9,"85-89",610467
11,1354,1786,2,6,"90+",610467
11,5,8,0,0,SemInfo,610467
12,391,98,0,0,"00-04",9276
12,4205,1005,0,0,"05-09",9276
12,1832,471,0,0,"10-14",9276
12,594,155,0,0,"15-19",9276
12,229,78,0,0,"20-24",9276
12,119,52,0,0,"25-29",9276
12,67,49,0,0,"30-34",9276
12,33,26,0,0,"35-39",9276
12,22,25,0,0,"40-44",9276
12,23,25,0,0,"45-49",9276
12,11,8,0,0,"50-54",9276
12,4,8,0,0,"55-59",9276
12,5,7,0,0,"60-64",9276
12,5,4,0,0,"65-69",9276
12,5,7,0,0,"70-74",9276
12,4,4,0,0,"75-79",9276
12,3,4,0,0,"80-84",9276
12,1,1,0,0,"85-89",9276
12,3,5,0,0,"90+",9276
13,0,1,0,0,"10-14",2
13,1,0,0,0,"25-29",2
14,46,60,0,0,"00-04",6697
14,83,140,0,0,"05-09",6697
14,91,191,0,0,"10-14",6697
14,94,163,0,0,"15-19",6697
14,82,204,0,0,"20-24",6697
14,106,319,0,0,"25-29",6697
14,143,370,0,0,"30-34",6697
14,183,368,0,0,"35-39",6697
14,198,465,0,0,"40-44",6697
14,219,481,0,0,"45-49",6697
14,215,501,0,0,"50-54",6697
14,206,491,0,0,"55-59",6697
14,158,423,0,0,"60-64",6697
14,132,266,0,0,"65-69",6697
14,76,173,0,0,"70-74",6697
14,56,86,0,0,"75-79",6697
14,15,25,0,0,"80-84",6697
14,8,13,0,0,"85-89",6697
14,0,1,0,0,"90+",6697
15,311,245,0,0,"00-04",9295
15,444,372,0,0,"05-09",9295
15,469,411,0,1,"10-14",9295
15,514,362,0,0,"15-19",9295
15,447,393,1,0,"20-24",9295
15,446,385,0,0,"25-29",9295
15,345,425,0,0,"30-34",9295
15,324,423,0,0,"35-39",9295
15,326,448,0,1,"40-44",9295
15,289,403,1,0,"45-49",9295
15,257,337,0,0,"50-54",9295
15,196,267,0,0,"55-59",9295
15,146,161,0,0,"60-64",9295
15,84,100,0,0,"65-69",9295
15,40,40,1,0,"70-74",9295
15,27,34,0,0,"75-79",9295
15,9,15,0,0,"80-84",9295
15,2,10,0,0,"85-89",9295
15,4,8,0,0,"90+",9295
16,434,684,0,0,"00-04",1172363
16,433,557,0,0,"05-09",1172363
16,851,1096,0,0,"10-14",1172363
16,1243,1701,0,0,"15-19",1172363
16,2075,2804,0,0,"20-24",1172363
16,4987,5217,1,0,"25-29",1172363
16,10520,9856,2,0,"30-34",1172363
16,19730,16805,1,0,"35-39",1172363
16,33850,30281,2,2,"40-44",1172363
16,49078,54410,8,1,"45-49",1172363
16,65446,92104,10,3,"50-54",1172363
16,75423,115513,9,8,"55-59",1172363
16,76260,116763,19,6,"60-64",1172363
16,63921,99617,16,15,"65-69",1172363
16,46796,75055,13,14,"70-74",1172363
16,28945,48176,7,14,"75-79",1172363
16,14066,24821,8,9,"80-84",1172363
16,4751,9209,2,6,"85-89",1172363
16,1212,2666,1,1,"90+",1172363
16,17,26,0,0,SemInfo,1172363
17,783,632,0,0,"00-04",38229
17,1085,839,0,0,"05-09",38229
17,698,559,0,0,"10-14",38229
17,577,482,1,0,"15-19",38229
17,616,558,0,0,"20-24",38229
17,688,744,0,0,"25-29",38229
17,725,955,0,0,"30-34",38229
17,751,1144,0,0,"35-39",38229
17,936,1498,0,0,"40-44",38229
17,1117,2044,0,0,"45-49",38229
17,1248,2613,0,0,"50-54",38229
17,1456,2846,0,0,"55-59",38229
17,1447,2880,0,0,"60-64",38229
17,1265,2682,0,0,"65-69",38229
17,995,2199,0,0,"70-74",38229
17,545,1448,0,0,"75-79",38229
17,265,759,0,0,"80-84",38229
17,94,252,0,0,"85-89",38229
17,35,86,0,0,"90+",38229
17,0,1,0,0,SemInfo,38229
19,184,187,0,0,"00-04",88754
19,329,337,0,0,"05-09",88754
19,983,864,0,0,"10-14",88754
19,2622,2080,0,0,"15-19",88754
19,4068,3829,0,1,"20-24",88754
19,4636,5065,1,0,"25-29",88754
19,4348,5370,0,1,"30-34",88754
19,4113,5311,1,0,"35-39",88754
19,3713,5291,0,2,"40-44",88754
19,3351,5450,0,2,"45-49",88754
19,2980,5215,0,0,"50-54",88754
19,2501,4371,0,1,"55-59",88754
19,1931,3374,1,1,"60-64",88754
19,1323,2232,0,1,"65-69",88754
19,781,1469,0,1,"70-74",88754
19,508,814,0,0,"75-79",88754
19,203,402,0,0,"80-84",88754
19,71,135,1,0,"85-89",88754
19,20,50,0,0,"90+",88754
19,1,1,0,0,SemInfo,88754
20,40,47,0,0,"00-04",1294
20,64,63,0,0,"05-09",1294
20,71,95,0,0,"10-14",1294
20,68,94,0,0,"15-19",1294
20,51,68,0,0,"20-24",1294
20,62,85,0,0,"25-29",1294
20,46,67,0,0,"30-34",1294
20,43,60,0,0,"35-39",1294
20,25,51,0,0,"40-44",1294
20,26,37,0,0,"45-49",1294
20,20,30,0,0,"50-54",1294
20,15,30,0,0,"55-59",1294
20,17,16,0,0,"60-64",1294
20,4,15,0,0,"65-69",1294
20,3,6,0,0,"70-74",1294
20,1,3,0,0,"75-79",1294
20,1,2,0,0,"80-84",1294
20,0,1,0,0,"85-89",1294
21,3,6,0,0,"00-04",395
21,6,4,0,0,"05-09",395
21,3,2,0,0,"10-14",395
21,4,4,0,0,"15-19",395
21,1,1,0,0,"20-24",395
21,6,0,0,0,"25-29",395
21,4,2,0,0,"30-34",395
21,3,1,0,0,"35-39",395
21,7,7,0,0,"40-44",395
21,10,5,0,0,"45-49",395
21,7,20,0,0,"50-54",395
21,20,22,0,0,"55-59",395
21,24,35,0,0,"60-64",395
21,23,34,0,0,"65-69",395
21,17,39,0,0,"70-74",395
21,19,27,0,0,"75-79",395
21,12,16,0,0,"80-84",395
21,4,7,0,0,"85-89",395
21,3,5,0,0,"90+",395
22,113,96,1,0,"00-04",167218
22,56,48,0,0,"05-09",167218
22,77,49,0,0,"10-14",167218
22,151,132,0,0,"15-19",167218
22,225,184,0,0,"20-24",167218
22,325,302,1,0,"25-29",167218
22,556,441,1,0,"30-34",167218
22,963,753,0,0,"35-39",167218
22,1873,1339,1,0,"40-44",167218
22,3298,2266,1,2,"45-49",167218
22,5473,3705,2,0,"50-54",167218
22,8336,5794,9,4,"55-59",167218
22,11326,8794,16,4,"60-64",167218
22,14096,11915,31,11,"65-69",167218
22,15265,14714,36,24,"70-74",167218
22,13689,14763,26,15,"75-79",167218
22,8655,10641,19,28,"80-84",167218
22,3422,4847,8,12,"85-89",167218
22,896,1436,3,4,"90+",167218
22,2,1,0,0,SemInfo,167218
23,6,8,0,0,"00-04",1696
23,30,42,0,0,"05-09",1696
23,80,58,0,0,"10-14",1696
23,119,101,0,0,"15-19",1696
23,126,105,0,0,"20-24",1696
23,130,115,0,0,"25-29",1696
23,112,97,0,0,"30-34",1696
23,78,70,0,0,"35-39",1696
23,57,81,0,0,"40-44",1696
23,35,75,0,0,"45-49",1696
23,34,54,0,0,"50-54",1696
23,16,31,0,0,"55-59",1696
23,11,28,0,0,"60-64",1696
23,7,18,0,0,"65-69",1696
23,3,11,0,0,"70-74",1696
23,0,4,0,0,"75-79",1696
23,1,0,0,0,"80-84",1696
24,1297,1098,0,0,"00-04",23636
24,2265,1845,0,0,"05-09",23636
24,1918,1709,0,0,"10-14",23636
24,1654,1439,1,0,"15-19",23636
24,1164,1144,0,0,"20-24",23636
24,949,1133,0,1,"25-29",23636
24,717,964,0,0,"30-34",23636
24,516,772,0,0,"35-39",23636
24,333,602,0,0,"40-44",23636
24,252,504,0,0,"45-49",23636
24,207,373,0,0,"50-54",23636
24,156,234,0,0,"55-59",23636
24,116,178,0,0,"60-64",23636
24,89,141,0,1,"65-69",23636
24,73,131,0,0,"70-74",23636
24,66,130,0,0,"75-79",23636
24,54,77,0,0,"80-84",23636
24,23,45,0,0,"85-89",23636
24,16,23,0,0,"90+",23636
24,2,0,0,0,SemInfo,23636
25,96,92,0,0,"00-04",2261
25,144,112,0,0,"05-09",2261
25,134,116,0,0,"10-14",2261
25,58,59,0,0,"15-19",2261
25,50,38,0,0,"20-24",2261
25,77,52,0,0,"25-29",2261
25,98,73,0,0,"30-34",2261
25,126,89,0,0,"35-39",2261
25,151,66,0,0,"40-44",2261
25,135,61,0,0,"45-49",2261
25,80,73,0,0,"50-54",2261
25,50,64,0,0,"55-59",2261
25,41,45,0,0,"60-64",2261
25,29,41,0,0,"65-69",2261
25,16,18,0,0,"70-74",2261
25,12,12,0,0,"75-79",2261
25,6,2,0,0,"80-84",2261
25,4,2,0,0,"85-89",2261
25,2,4,0,0,"90+",2261
25,2,1,0,0,SemInfo,2261
26,62,57,0,0,"00-04",149472
26,205,126,0,0,"05-09",149472
26,285,221,0,0,"10-14",149472
26,263,330,0,0,"15-19",149472
26,176,339,0,0,"20-24",149472
26,296,482,0,0,"25-29",149472
26,490,864,0,0,"30-34",149472
26,776,1276,0,0,"35-39",149472
26,1319,2215,1,0,"40-44",149472
26,2477,4046,1,0,"45-49",149472
26,4687,7344,0,0,"50-54",149472
26,8527,10804,6,4,"55-59",149472
26,11837,12470,3,3,"60-64",149472
26,13169,11699,8,7,"65-69",149472
26,12497,10289,14,9,"70-74",149472
26,10217,7774,14,6,"75-79",149472
26,6023,4320,8,5,"80-84",149472
26,2447,1767,3,2,"85-89",149472
26,656,564,0,0,"90+",149472
26,0,1,0,0,SemInfo,149472
27,209,182,0,0,"00-04",269623
27,252,194,0,0,"05-09",269623
27,430,424,0,0,"10-14",269623
27,968,852,0,1,"15-19",269623
27,1456,1349,2,0,"20-24",269623
27,2070,2556,1,1,"25-29",269623
27,3059,5133,1,0,"30-34",269623
27,4730,8288,5,1,"35-39",269623
27,7109,12046,5,6,"40-44",269623
27,10908,16550,3,7,"45-49",269623
27,14762,20679,7,4,"50-54",269623
27,17906,21030,6,6,"55-59",269623
27,17468,18785,9,4,"60-64",269623
27,14896,15842,11,8,"65-69",269623
27,11935,12129,10,5,"70-74",269623
27,8371,9116,4,6,"75-79",269623
27,4807,5645,6,1,"80-84",269623
27,2034,2721,0,2,"85-89",269623
27,634,1191,1,0,"90+",269623
27,52,46,0,0,SemInfo,269623
28,1,74,0,0,"00-04",67363
28,2,184,0,0,"05-09",67363
28,2,208,0,0,"10-14",67363
28,0,996,0,0,"15-19",67363
28,4,4828,0,0,"20-24",67363
28,12,13498,0,0,"25-29",67363
28,22,20630,0,0,"30-34",67363
28,23,17460,0,0,"35-39",67363
28,9,10202,0,0,"40-44",67363
28,3,4556,0,1,"45-49",67363
28,0,1057,0,0,"50-54",67363
28,0,103,0,0,"55-59",67363
28,3,48,0,0,"60-64",67363
28,3,39,0,0,"65-69",67363
28,3,25,0,0,"70-74",67363
28,1,14,0,0,"75-79",67363
28,0,10,0,0,"80-84",67363
28,0,5,0,0,"85-89",67363
28,0,15,0,0,"90+",67363
28,0,1,0,0,SemInfo,67363
29,7123,5767,4,9,"00-04",177835
29,6304,5199,4,4,"05-09",177835
29,7165,6104,3,2,"10-14",177835
29,6887,7086,1,0,"15-19",177835
29,5662,6620,4,4,"20-24",177835
29,5970,7675,4,1,"25-29",177835
29,5591,8400,1,3,"30-34",177835
29,5466,9184,0,1,"35-39",177835
29,5415,9179,4,0,"40-44",177835
29,5140,9392,1,3,"45-49",177835
29,4603,8101,3,0,"50-54",177835
29,3770,6252,2,3,"55-59",177835
29,2930,4416,2,0,"60-64",177835
29,2225,3361,0,0,"65-69",177835
29,1685,2571,0,0,"70-74",177835
29,1281,1954,0,2,"75-79",177835
29,805,1302,1,0,"80-84",177835
29,354,683,1,0,"85-89",177835
29,199,311,0,0,"90+",177835
29,0,7,0,0,SemInfo,177835
30,14,11,0,0,"00-04",17224
30,9,3,0,0,"05-09",17224
30,13,8,0,0,"10-14",17224
30,21,14,1,0,"15-19",17224
30,54,35,0,0,"20-24",17224
30,111,68,2,1,"25-29",17224
30,233,145,0,0,"30-34",17224
30,492,247,5,2,"35-39",17224
30,724,402,3,2,"40-44",17224
30,1028,662,7,2,"45-49",17224
30,1341,859,6,3,"50-54",17224
30,1510,1125,4,9,"55-59",17224
30,1411,1204,5,4,"60-64",17224
30,1241,1156,7,4,"65-69",17224
30,946,906,9,1,"70-74",17224
30,539,656,0,3,"75-79",17224
30,224,240,0,2,"80-84",17224
30,44,83,0,0,"85-89",17224
30,12,18,0,0,"90+",17224
31,9,28,0,0,"00-04",36491
31,30,38,0,0,"05-09",36491
31,139,258,0,0,"10-14",36491
31,553,1142,0,0,"15-19",36491
31,996,2426,0,0,"20-24",36491
31,1555,3950,0,0,"25-29",36491
31,1650,4016,0,1,"30-34",36491
31,1417,3866,0,2,"35-39",36491
31,1104,3359,0,1,"40-44",36491
31,965,3034,0,2,"45-49",36491
31,735,2316,2,0,"50-54",36491
31,477,1497,1,1,"55-59",36491
31,257,732,0,0,"60-64",36491
31,119,338,0,1,"65-69",36491
31,42,101,0,0,"70-74",36491
31,16,55,0,0,"75-79",36491
31,3,15,0,0,"80-84",36491
31,5,4,0,0,"85-89",36491
31,4,6,0,0,"90+",36491
31,1,0,0,0,SemInfo,36491
32,4,15,0,0,"00-04",6306
32,20,36,0,0,"05-09",6306
32,35,64,0,0,"10-14",6306
32,23,100,0,0,"15-19",6306
32,32,143,0,0,"20-24",6306
32,50,261,0,0,"25-29",6306
32,71,363,0,0,"30-34",6306
32,84,466,0,0,"35-39",6306
32,105,555,0,1,"40-44",6306
32,116,721,0,0,"45-49",6306
32,122,717,0,0,"50-54",6306
32,129,684,0,0,"55-59",6306
32,94,555,0,1,"60-64",6306
32,61,380,0,0,"65-69",6306
32,28,229,0,0,"70-74",6306
32,23,125,0,0,"75-79",6306
32,6,43,0,0,"80-84",6306
32,2,8,0,0,"85-89",6306
32,0,1,0,0,"90+",6306
33,5376,4082,0,0,"00-04",57868
33,6059,4654,0,0,"05-09",57868
33,3592,2673,0,0,"10-14",57868
33,2283,1577,0,0,"15-19",57868
33,1792,1125,0,0,"20-24",57868
33,1614,1026,0,0,"25-29",57868
33,1404,1039,0,0,"30-34",57868
33,1341,1031,0,0,"35-39",57868
33,1257,1084,0,0,"40-44",57868
33,1452,1382,0,0,"45-49",57868
33,1604,1467,0,0,"50-54",57868
33,1883,1449,0,1,"55-59",57868
33,1816,1269,0,1,"60-64",57868
33,1457,1077,1,0,"65-69",57868
33,1005,904,0,0,"70-74",57868
33,611,630,0,0,"75-79",57868
33,287,357,1,0,"80-84",57868
33,123,157,0,0,"85-89",57868
33,50,57,0,0,"90+",57868
33,3,2,0,0,SemInfo,57868
34,30,20,0,0,"00-04",38067
34,15,11,0,0,"05-09",38067
34,93,63,0,0,"10-14",38067
34,694,283,0,0,"15-19",38067
34,1610,628,0,0,"20-24",38067
34,2459,1279,0,0,"25-29",38067
34,3019,1932,0,0,"30-34",38067
34,3230,2245,1,1,"35-39",38067
34,2905,2274,0,0,"40-44",38067
34,2842,2297,0,0,"45-49",38067
34,2266,2092,0,0,"50-54",38067
34,1680,1444,0,0,"55-59",38067
34,1004,796,0,0,"60-64",38067
34,552,441,0,0,"65-69",38067
34,239,223,0,0,"70-74",38067
34,110,95,0,0,"75-79",38067
34,36,29,0,0,"80-84",38067
34,10,8,0,0,"85-89",38067
34,6,6,0,0,"90+",38067
35,2,2,0,0,"10-14",123
35,5,3,0,0,"15-19",123
35,2,1,0,0,"20-24",123
35,2,2,0,0,"25-29",123
35,2,6,0,0,"30-34",123
35,6,14,0,0,"35-39",123
35,4,15,0,0,"40-44",123
35,6,17,0,0,"45-49",123
35,4,13,0,0,"50-54",123
35,3,7,0,0,"55-59",123
35,2,2,0,0,"60-64",123
35,1,2,0,0,"65-69",123
35,0,1,0,0,"70-74",123
35,1,0,0,0,"80-84",123
36,1786,887,0,0,"00-04",754772
36,10894,3349,1,0,"05-09",754772
36,16477,7210,1,0,"10-14",754772
36,27264,14679,4,0,"15-19",754772
36,36609,19391,3,1,"20-24",754772
36,41134,27193,6,4,"25-29",754772
36,39550,33115,4,2,"30-34",754772
36,35702,35865,8,2,"35-39",754772
36,31765,37108,4,2,"40-44",754772
36,28992,37687,7,7,"45-49",754772
36,24156,34650,19,11,"50-54",754772
36,18267,27686,13,10,"55-59",754772
36,13891,20611,6,5,"60-64",754772
36,11525,16974,9,10,"65-69",754772
36,11423,16834,18,15,"70-74",754772
36,11685,19536,11,27,"75-79",754772
36,10149,19587,12,13,"80-84",754772
36,6230,14037,7,24,"85-89",754772
36,2811,7363,1,14,"90+",754772
36,42,33,0,0,SemInfo,754772
37,743,688,0,0,"00-04",3014
37,323,255,0,0,"05-09",3014
37,238,215,0,0,"10-14",3014
37,158,137,0,0,"15-19",3014
37,78,88,0,0,"20-24",3014
37,55,64,0,0,"25-29",3014
37,23,19,0,0,"30-34",3014
37,11,14,0,0,"35-39",3014
37,2,1,0,0,"40-44",3014
37,2,0,0,0,"45-49",3014
37,1,3,0,0,"50-54",3014
37,3,7,0,0,"55-59",3014
37,1,0,0,0,"65-69",3014
37,1,0,0,0,"70-74",3014
37,3,3,0,0,SemInfo,3014
38,1284,1195,0,3,"00-04",7815
38,836,631,2,2,"05-09",7815
38,604,512,0,1,"10-14",7815
38,403,344,0,1,"15-19",7815
38,249,221,0,0,"20-24",7815
38,150,163,0,0,"25-29",7815
38,98,91,0,0,"30-34",7815
38,82,81,0,0,"35-39",7815
38,97,66,0,1,"40-44",7815
38,93,70,0,0,"45-49",7815
38,107,73,0,1,"50-54",7815
38,92,49,0,0,"55-59",7815
38,52,82,0,0,"60-64",7815
38,54,65,0,0,"65-69",7815
38,31,43,0,0,"70-74",7815
38,20,30,0,0,"75-79",7815
38,16,21,0,0,"80-84",7815
38,3,9,0,0,"85-89",7815
38,5,4,0,0,"90+",7815
38,4,1,0,0,SemInfo,7815
40,28,53,0,0,"00-04",212
40,18,26,0,0,"05-09",212
40,14,16,0,0,"10-14",212
40,5,7,0,0,"15-19",212
40,3,5,0,0,"20-24",212
40,1,1,0,0,"25-29",212
40,0,5,0,0,"30-34",212
40,1,4,0,0,"35-39",212
40,3,2,0,0,"40-44",212
40,2,1,0,0,"45-49",212
40,1,3,0,0,"50-54",212
40,1,1,0,0,"55-59",212
40,1,3,0,0,"60-64",212
40,2,4,0,0,"65-69",212
40,1,4,0,0,"70-74",212
40,1,6,0,0,"75-79",212
40,0,1,0,0,"80-84",212
40,1,2,0,0,"85-89",212
40,1,1,0,0,"90+",212
41,37,115,0,0,"00-04",9473
41,139,387,0,0,"05-09",9473
41,321,770,0,0,"10-14",9473
41,269,751,0,0,"15-19",9473
41,208,630,0,0,"20-24",9473
41,119,584,0,0,"25-29",9473
41,125,516,0,0,"30-34",9473
41,90,571,0,0,"35-39",9473
41,84,528,0,1,"40-44",9473
41,87,578,0,0,"45-49",9473
41,77,642,0,0,"50-54",9473
41,60,646,0,2,"55-59",9473
41,62,552,0,0,"60-64",9473
41,36,353,0,0,"65-69",9473
41,24,198,0,0,"70-74",9473
41,13,83,0,0,"75-79",9473
41,4,21,0,0,"80-84",9473
41,1,6,0,0,"85-89",9473
41,0,3,0,0,"90+",9473
42,1,3,0,0,"00-04",1537
42,5,0,0,0,"05-09",1537
42,15,6,0,0,"10-14",1537
42,19,13,0,0,"15-19",1537
42,25,25,0,0,"20-24",1537
42,55,28,0,0,"25-29",1537
42,79,34,0,0,"30-34",1537
42,101,60,0,0,"35-39",1537
42,150,41,0,0,"40-44",1537
42,145,36,0,0,"45-49",1537
42,151,58,0,0,"50-54",1537
42,138,49,1,0,"55-59",1537
42,96,37,0,0,"60-64",1537
42,60,29,0,0,"65-69",1537
42,41,23,1,0,"70-74",1537
42,23,11,0,0,"75-79",1537
42,4,2,0,0,"80-84",1537
42,1,1,0,0,"85-89",1537
42,3,1,0,0,"90+",1537
43,83,43,0,0,"00-04",161111
43,53,65,0,0,"05-09",161111
43,83,53,0,0,"10-14",161111
43,165,124,0,0,"15-19",161111
43,469,471,0,0,"20-24",161111
43,1475,1390,0,0,"25-29",161111
43,3592,2870,0,0,"30-34",161111
43,6607,4534,0,1,"35-39",161111
43,10668,5614,2,0,"40-44",161111
43,15379,7746,0,1,"45-49",161111
43,17474,10974,3,0,"50-54",161111
43,15559,12187,1,1,"55-59",161111
43,10590,10682,1,1,"60-64",161111
43,6224,7743,2,1,"65-69",161111
43,2652,3849,0,1,"70-74",161111
43,1099,1966,0,1,"75-79",161111
43,380,770,1,0,"80-84",161111
43,115,194,0,0,"85-89",161111
43,45,40,0,0,"90+",161111
44,1101,577,1,0,"00-04",439065
44,918,729,3,1,"05-09",439065
44,1307,1281,0,1,"10-14",439065
44,2749,2485,1,2,"15-19",439065
44,5124,4619,3,2,"20-24",439065
44,7876,7180,10,2,"25-29",439065
44,9928,9292,9,5,"30-34",439065
44,12450,11243,16,13,"35-39",439065
44,15751,13605,18,9,"40-44",439065
44,20317,16358,24,23,"45-49",439065
44,25932,19118,33,13,"50-54",439065
44,30173,21092,47,32,"55-59",439065
44,30105,22045,56,43,"60-64",439065
44,26724,20095,69,42,"65-69",439065
44,21589,17274,46,33,"70-74",439065
44,16824,13847,34,22,"75-79",439065
44,10764,9632,25,20,"80-84",439065
44,5539,5206,17,15,"85-89",439065
44,2200,2237,7,3,"90+",439065
44,7,1,0,0,SemInfo,439065
45,491,508,0,0,"00-04",2686
45,249,298,0,0,"05-09",2686
45,140,144,0,0,"10-14",2686
45,59,109,0,0,"15-19",2686
45,37,87,0,0,"20-24",2686
45,29,48,0,0,"25-29",2686
45,25,45,0,0,"30-34",2686
45,21,42,0,0,"35-39",2686
45,17,40,0,0,"40-44",2686
45,28,38,0,0,"45-49",2686
45,32,42,0,0,"50-54",2686
45,43,44,0,0,"55-59",2686
45,33,23,0,0,"60-64",2686
45,27,26,0,0,"65-69",2686
45,46,19,0,0,"70-74",2686
45,37,8,0,0,"75-79",2686
45,27,4,0,0,"80-84",2686
45,13,5,0,0,"85-89",2686
45,4,1,0,0,"90+",2686
45,3,3,0,0,SemInfo,2686
46,9,52,0,0,"00-04",65523
46,12,48,0,0,"05-09",65523
46,75,319,0,0,"10-14",65523
46,305,2667,0,0,"15-19",65523
46,547,5444,1,0,"20-24",65523
46,898,8756,0,1,"25-29",65523
46,1267,10356,0,0,"30-34",65523
46,1279,9775,0,0,"35-39",65523
46,1354,8209,0,0,"40-44",65523
46,1229,5909,0,0,"45-49",65523
46,1158,2637,0,0,"50-54",65523
46,977,1119,0,0,"55-59",65523
46,661,597,0,0,"60-64",65523
46,511,354,0,0,"65-69",65523
46,288,237,0,1,"70-74",65523
46,169,160,0,0,"75-79",65523
46,61,82,0,0,"80-84",65523
46,32,42,0,0,"85-89",65523
46,7,50,0,0,"90+",65523
46,1,1,0,0,SemInfo,65523
47,265,292,0,0,"00-04",11349
47,215,235,0,0,"05-09",11349
47,211,276,1,0,"10-14",11349
47,198,289,0,0,"15-19",11349
47,154,355,0,1,"20-24",11349
47,155,487,0,1,"25-29",11349
47,195,604,1,0,"30-34",11349
47,197,631,0,0,"35-39",11349
47,247,578,0,2,"40-44",11349
47,247,705,0,0,"45-49",11349
47,289,654,1,1,"50-54",11349
47,267,594,2,3,"55-59",11349
47,270,533,0,1,"60-64",11349
47,241,529,3,1,"65-69",11349
47,183,457,0,2,"70-74",11349
47,150,382,0,0,"75-79",11349
47,80,233,0,2,"80-84",11349
47,42,109,0,2,"85-89",11349
47,21,49,0,0,"90+",11349
47,0,1,0,0,SemInfo,11349
48,80,93,0,0,"00-04",25434
48,107,115,0,0,"05-09",25434
48,150,187,0,0,"10-14",25434
48,173,282,0,0,"15-19",25434
48,188,445,1,0,"20-24",25434
48,214,792,0,0,"25-29",25434
48,345,1350,0,0,"30-34",25434
48,359,1638,0,1,"35-39",25434
48,378,1882,0,1,"40-44",25434
48,433,2159,0,0,"45-49",25434
48,584,2493,0,1,"50-54",25434
48,598,2443,0,1,"55-59",25434
48,511,2216,1,0,"60-64",25434
48,467,1704,0,2,"65-69",25434
48,349,1286,0,1,"70-74",25434
48,231,801,0,0,"75-79",25434
48,133,474,0,0,"80-84",25434
48,73,200,1,0,"85-89",25434
48,24,74,0,0,"90+",25434
49,97,87,0,0,"00-04",2961
49,117,82,0,0,"05-09",2961
49,132,110,0,0,"10-14",2961
49,177,112,0,0,"15-19",2961
49,140,81,0,0,"20-24",2961
49,138,104,0,0,"25-29",2961
49,116,125,0,0,"30-34",2961
49,121,128,0,1,"35-39",2961
49,106,124,0,0,"40-44",2961
49,109,127,0,0,"45-49",2961
49,96,95,0,0,"50-54",2961
49,81,110,0,0,"55-59",2961
49,59,64,0,0,"60-64",2961
49,39,55,0,0,"65-69",2961
49,29,35,0,0,"70-74",2961
49,19,17,0,0,"75-79",2961
49,6,9,0,0,"80-84",2961
49,4,2,0,0,"85-89",2961
50,615,337,1,0,"00-04",7119
50,438,345,1,1,"05-09",7119
50,388,284,0,0,"10-14",7119
50,269,205,1,0,"15-19",7119
50,221,196,1,0,"20-24",7119
50,197,268,1,0,"25-29",7119
50,198,442,0,0,"30-34",7119
50,215,487,0,0,"35-39",7119
50,171,373,0,0,"40-44",7119
50,149,199,0,0,"45-49",7119
50,137,235,0,0,"50-54",7119
50,121,200,0,0,"55-59",7119
50,100,133,0,1,"60-64",7119
50,71,84,0,0,"65-69",7119
50,55,64,0,0,"70-74",7119
50,23,43,0,0,"75-79",7119
50,14,16,0,0,"80-84",7119
50,9,5,0,0,"85-89",7119
50,1,3,0,0,"90+",7119
51,22,26,0,0,"00-04",1367
51,22,17,0,0,"05-09",1367
51,27,10,0,0,"10-14",1367
51,18,23,0,0,"15-19",1367
51,25,29,0,0,"20-24",1367
51,29,41,0,0,"25-29",1367
51,33,54,0,0,"30-34",1367
51,25,69,0,0,"35-39",1367
51,28,64,0,0,"40-44",1367
51,45,72,0,0,"45-49",1367
51,75,72,0,0,"50-54",1367
51,86,92,0,0,"55-59",1367
51,74,60,1,0,"60-64",1367
51,61,45,0,0,"65-69",1367
51,38,16,0,0,"70-74",1367
51,25,22,0,1,"75-79",1367
51,11,25,0,0,"80-84",1367
51,11,9,0,0,"85-89",1367
51,5,7,0,0,"90+",1367
52,26,25,0,0,"00-04",11399
52,40,18,0,0,"05-09",11399
52,39,25,0,0,"10-14",11399
52,54,65,0,0,"15-19",11399
52,80,77,0,0,"20-24",11399
52,122,144,0,0,"25-29",11399
52,270,207,0,0,"30-34",11399
52,464,265,0,0,"35-39",11399
52,707,347,1,0,"40-44",11399
52,1007,447,0,0,"45-49",11399
52,1132,529,0,0,"50-54",11399
52,1109,531,0,0,"55-59",11399
52,794,544,0,0,"60-64",11399
52,571,462,2,0,"65-69",11399
52,364,355,0,0,"70-74",11399
52,230,281,0,0,"75-79",11399
52,105,142,0,0,"80-84",11399
52,44,61,0,0,"85-89",11399
52,13,15,0,0,"90+",11399
53,3,190,0,0,"00-04",97772
53,22,1716,0,0,"05-09",97772
53,24,481,0,0,"10-14",97772
53,2,272,0,0,"15-19",97772
53,7,1619,0,0,"20-24",97772
53,4,7242,0,0,"25-29",97772
53,15,16265,0,0,"30-34",97772
53,13,21866,0,0,"35-39",97772
53,15,22813,0,0,"40-44",97772
53,19,22561,0,0,"45-49",97772
53,6,9556,0,0,"50-54",97772
53,1,978,0,0,"55-59",97772
53,1,152,0,0,"60-64",97772
53,4,70,0,0,"65-69",97772
53,3,57,0,0,"70-74",97772
53,3,33,0,0,"75-79",97772
53,2,23,0,0,"80-84",97772
53,4,7,0,0,"85-89",97772
53,1,22,0,0,"90+",97772
53,0,7,0,0,SemInfo,97772
54,21,80,0,0,"00-04",76246
54,107,345,0,0,"05-09",76246
54,422,1732,0,0,"10-14",76246
54,654,3891,0,0,"15-19",76246
54,771,5743,0,0,"20-24",76246
54,845,7559,0,2,"25-29",76246
54,913,8670,0,1,"30-34",76246
54,975,8809,0,1,"35-39",76246
54,865,8057,0,0,"40-44",76246
54,802,7473,1,0,"45-49",76246
54,728,6171,0,1,"50-54",76246
54,596,4596,0,1,"55-59",76246
54,433,3038,0,0,"60-64",76246
54,300,1681,0,0,"65-69",76246
54,195,850,0,0,"70-74",76246
54,80,417,0,0,"75-79",76246
54,36,158,0,0,"80-84",76246
54,15,59,0,0,"85-89",76246
54,5,39,0,0,"90+",76246
54,1,1,0,0,SemInfo,76246
55,6,20,0,1,"00-04",6418
55,13,26,0,0,"05-09",6418
55,38,84,0,0,"10-14",6418
55,52,218,0,0,"15-19",6418
55,86,332,0,0,"20-24",6418
55,126,456,0,0,"25-29",6418
55,172,492,0,0,"30-34",6418
55,175,485,0,0,"35-39",6418
55,185,431,0,0,"40-44",6418
55,203,448,0,0,"45-49",6418
55,228,373,0,0,"50-54",6418
55,193,291,0,0,"55-59",6418
55,248,211,0,0,"60-64",6418
55,216,151,0,0,"65-69",6418
55,164,136,0,0,"70-74",6418
55,109,73,0,0,"75-79",6418
55,50,29,0,0,"80-84",6418
55,9,13,0,0,"85-89",6418
55,2,1,0,0,"90+",6418
56,256,241,0,0,"00-04",7791
56,217,169,0,0,"05-09",7791
56,207,163,0,0,"10-14",7791
56,187,115,0,0,"15-19",7791
56,151,107,0,0,"20-24",7791
56,172,153,0,0,"25-29",7791
56,178,210,0,0,"30-34",7791
56,240,222,0,0,"35-39",7791
56,277,262,0,0,"40-44",7791
56,327,313,0,0,"45-49",7791
56,350,391,0,0,"50-54",7791
56,328,459,0,0,"55-59",7791
56,305,414,0,0,"60-64",7791
56,281,343,0,0,"65-69",7791
56,176,249,0,1,"70-74",7791
56,163,170,0,0,"75-79",7791
56,73,86,0,0,"80-84",7791
56,34,37,0,0,"85-89",7791
56,12,12,0,0,"90+",7791
57,216,118,0,0,"00-04",42733
57,177,137,0,0,"05-09",42733
57,212,192,0,0,"10-14",42733
57,246,222,0,0,"15-19",42733
57,247,305,0,0,"20-24",42733
57,424,537,0,0,"25-29",42733
57,625,729,2,2,"30-34",42733
57,842,871,0,0,"35-39",42733
57,1113,1088,0,0,"40-44",42733
57,1516,1428,1,3,"45-49",42733
57,1921,1574,3,0,"50-54",42733
57,2196,1919,3,5,"55-59",42733
57,2436,2134,6,3,"60-64",42733
57,2388,2223,7,4,"65-69",42733
57,2197,2266,2,2,"70-74",42733
57,1939,2165,3,3,"75-79",42733
57,1624,1892,1,2,"80-84",42733
57,1109,1297,2,2,"85-89",42733
57,471,588,0,2,"90+",42733
58,47,420,0,0,"00-04",356511
58,73,270,0,0,"05-09",356511
58,162,298,0,0,"10-14",356511
58,234,366,0,0,"15-19",356511
58,179,480,0,0,"20-24",356511
58,236,808,0,1,"25-29",356511
58,250,999,0,0,"30-34",356511
58,318,1414,0,0,"35-39",356511
58,428,3028,0,0,"40-44",356511
58,701,9610,0,1,"45-49",356511
58,1110,30467,0,2,"50-54",356511
58,1585,51997,0,2,"55-59",356511
58,1931,62317,0,5,"60-64",356511
58,2003,62107,0,6,"65-69",356511
58,2183,53143,0,11,"70-74",356511
58,2027,39418,0,18,"75-79",356511
58,1471,22351,0,18,"80-84",356511
58,703,8931,2,16,"85-89",356511
58,274,3118,1,3,"90+",356511
58,0,11,0,0,SemInfo,356511
59,23,15,0,0,"00-04",53896
59,27,20,0,0,"05-09",53896
59,96,69,0,0,"10-14",53896
59,380,254,0,0,"15-19",53896
59,931,696,0,0,"20-24",53896
59,1971,1389,2,0,"25-29",53896
59,3046,1777,1,0,"30-34",53896
59,3831,2193,2,0,"35-39",53896
59,4636,2316,5,0,"40-44",53896
59,5067,2475,3,1,"45-49",53896
59,4814,2362,4,1,"50-54",53896
59,4204,1971,8,3,"55-59",53896
59,3073,1502,7,2,"60-64",53896
59,1875,1044,2,0,"65-69",53896
59,1102,631,4,1,"70-74",53896
59,475,315,1,3,"75-79",53896
59,192,154,1,0,"80-84",53896
59,54,50,0,0,"85-89",53896
59,21,27,0,0,"90+",53896
60,126,164,0,0,"00-04",58652
60,508,473,0,0,"05-09",58652
60,786,702,0,0,"10-14",58652
60,1005,799,0,0,"15-19",58652
60,1299,980,0,0,"20-24",58652
60,1861,1314,0,0,"25-29",58652
60,2350,1601,0,0,"30-34",58652
60,2730,2055,0,0,"35-39",58652
60,3189,2408,0,0,"40-44",58652
60,3486,3143,1,0,"45-49",58652
60,3533,3936,0,0,"50-54",58652
60,3501,3812,0,0,"55-59",58652
60,2814,3009,1,0,"60-64",58652
60,2025,1959,1,0,"65-69",58652
60,1349,1348,0,0,"70-74",58652
60,765,655,1,0,"75-79",58652
60,364,354,0,0,"80-84",58652
60,110,128,0,0,"85-89",58652
60,31,45,0,0,"90+",58652
60,1,0,0,0,SemInfo,58652
61,203,1432,0,0,"00-04",76499
61,2058,59578,0,1,"05-09",76499
61,2867,10810,0,1,"10-14",76499
61,154,218,0,0,"15-19",76499
61,13,97,0,0,"20-24",76499
61,16,260,0,0,"25-29",76499
61,20,429,0,0,"30-34",76499
61,21,446,0,0,"35-39",76499
61,9,289,0,0,"40-44",76499
61,12,204,0,0,"45-49",76499
61,10,68,0,0,"50-54",76499
61,15,20,0,0,"55-59",76499
61,43,20,0,0,"60-64",76499
61,67,19,0,0,"65-69",76499
61,87,12,0,0,"70-74",76499
61,109,16,1,0,"75-79",76499
61,109,12,0,0,"80-84",76499
61,60,11,0,0,"85-89",76499
61,32,22,0,0,"90+",76499
61,1,2,0,0,SemInfo,76499
62,364,338,0,0,"00-04",6393
62,323,297,0,0,"05-09",6393
62,263,326,0,0,"10-14",6393
62,184,325,0,0,"15-19",6393
62,120,349,0,1,"20-24",6393
62,131,372,0,0,"25-29",6393
62,111,323,0,0,"30-34",6393
62,121,266,0,0,"35-39",6393
62,125,210,0,0,"40-44",6393
62,124,222,0,0,"45-49",6393
62,97,231,1,0,"50-54",6393
62,106,204,0,0,"55-59",6393
62,132,204,0,0,"60-64",6393
62,106,187,0,0,"65-69",6393
62,81,117,0,0,"70-74",6393
62,55,72,0,0,"75-79",6393
62,32,45,0,0,"80-84",6393
62,13,14,0,0,"85-89",6393
62,4,11,0,0,"90+",6393
63,112,135,0,0,"00-04",15663
63,109,159,0,0,"05-09",15663
63,123,148,0,0,"10-14",15663
63,174,144,0,0,"15-19",15663
63,293,237,0,0,"20-24",15663
63,368,309,0,0,"25-29",15663
63,478,394,1,0,"30-34",15663
63,556,477,0,0,"35-39",15663
63,688,601,0,0,"40-44",15663
63,874,707,1,0,"45-49",15663
63,970,785,1,1,"50-54",15663
63,1061,844,0,2,"55-59",15663
63,921,709,0,0,"60-64",15663
63,683,618,2,0,"65-69",15663
63,494,472,2,0,"70-74",15663
63,314,313,2,0,"75-79",15663
63,170,172,1,0,"80-84",15663
63,42,96,0,1,"85-89",15663
63,18,25,0,0,"90+",15663
64,134,176,0,0,"00-04",106497
64,295,307,0,0,"05-09",106497
64,624,626,0,1,"10-14",106497
64,1663,1902,0,0,"15-19",106497
64,2710,3608,0,0,"20-24",106497
64,3741,5494,0,1,"25-29",106497
64,4158,6570,0,0,"30-34",106497
64,4380,7038,1,0,"35-39",106497
64,4230,7004,1,0,"40-44",106497
64,4183,7083,0,1,"45-49",106497
64,3982,7021,1,0,"50-54",106497
64,3558,6320,0,0,"55-59",106497
64,2836,5088,1,0,"60-64",106497
64,2269,3646,1,0,"65-69",106497
64,1588,2445,4,1,"70-74",106497
64,1130,1529,1,0,"75-79",106497
64,571,713,1,2,"80-84",106497
64,170,281,0,1,"85-89",106497
64,50,85,0,0,"90+",106497
64,1,2,0,0,SemInfo,106497
65,197,133,0,0,"00-04",9007
65,216,170,0,0,"05-09",9007
65,274,187,0,0,"10-14",9007
65,287,226,0,0,"15-19",9007
65,262,248,0,0,"20-24",9007
65,313,258,0,0,"25-29",9007
65,379,272,1,0,"30-34",9007
65,363,276,0,0,"35-39",9007
65,357,283,0,0,"40-44",9007
65,459,297,0,0,"45-49",9007
65,456,302,1,0,"50-54",9007
65,445,296,0,0,"55-59",9007
65,433,257,0,0,"60-64",9007
65,361,246,0,0,"65-69",9007
65,232,172,0,0,"70-74",9007
65,158,110,1,0,"75-79",9007
65,78,56,0,0,"80-84",9007
65,42,20,0,0,"85-89",9007
65,7,6,0,0,"90+",9007
65,0,1,0,0,SemInfo,9007
66,1,19,0,0,"05-09",583
66,0,39,0,0,"10-14",583
66,3,66,0,0,"15-19",583
66,4,91,0,0,"20-24",583
66,12,94,0,0,"25-29",583
66,14,80,0,0,"30-34",583
66,12,57,0,0,"35-39",583
66,8,22,0,0,"40-44",583
66,4,21,0,0,"45-49",583
66,3,13,0,0,"50-54",583
66,2,9,0,0,"55-59",583
66,3,3,0,0,"60-64",583
66,1,2,0,0,"65-69",583
66,1,1,0,0,"70-74",583
66,5,1,0,0,"75-79",583
66,9,2,0,0,"80-84",583
66,1,0,0,0,"85-89",583
66,0,1,0,0,"90+",583
67,10,405,0,0,"00-04",3222
67,30,1004,0,0,"05-09",3222
67,57,1377,0,0,"10-14",3222
67,12,340,0,0,"15-19",3222
67,1,10,0,0,"20-24",3222
67,0,8,0,0,"25-29",3222
67,1,9,0,0,"30-34",3222
67,2,7,0,0,"35-39",3222
67,0,2,0,0,"40-44",3222
67,1,3,0,0,"45-49",3222
67,0,1,0,0,"50-54",3222
67,2,3,0,0,"55-59",3222
67,0,1,0,0,"60-64",3222
67,1,0,0,0,"65-69",3222
67,0,1,0,0,"70-74",3222
67,0,1,0,0,"80-84",3222
67,1,0,0,0,"85-89",3222
67,0,1,0,0,"90+",3222
68,628,399,0,0,"00-04",12084
68,857,609,0,0,"05-09",12084
68,764,574,0,0,"10-14",12084
68,656,462,0,0,"15-19",12084
68,508,386,0,0,"20-24",12084
68,467,445,0,0,"25-29",12084
68,449,465,0,0,"30-34",12084
68,416,446,0,0,"35-39",12084
68,388,397,0,0,"40-44",12084
68,401,367,0,0,"45-49",12084
68,385,336,1,0,"50-54",12084
68,299,232,0,0,"55-59",12084
68,254,186,0,0,"60-64",12084
68,192,112,0,0,"65-69",12084
68,104,67,0,0,"70-74",12084
68,39,40,0,0,"75-79",12084
68,23,7,0,0,"80-84",12084
68,6,1,0,0,"85-89",12084
68,5,2,0,0,"90+",12084
68,1,0,0,0,SemInfo,12084
69,20,15,0,0,"00-04",87633
69,25,12,0,0,"05-09",87633
69,11,11,0,0,"10-14",87633
69,15,20,0,0,"15-19",87633
69,58,31,0,0,"20-24",87633
69,107,50,0,0,"25-29",87633
69,262,147,0,0,"30-34",87633
69,682,371,0,0,"35-39",87633
69,1601,866,0,0,"40-44",87633
69,3350,1773,0,1,"45-49",87633
69,6004,3193,1,0,"50-54",87633
69,8627,4627,0,0,"55-59",87633
69,10220,5695,2,1,"60-64",87633
69,9034,5649,7,1,"65-69",87633
69,7033,4826,8,2,"70-74",87633
69,4572,3708,1,4,"75-79",87633
69,2436,2279,2,4,"80-84",87633
69,997,990,0,0,"85-89",87633
69,263,386,1,0,"90+",87633
70,264,214,0,0,"00-04",14969
70,569,526,0,0,"05-09",14969
70,586,530,0,1,"10-14",14969
70,432,440,0,0,"15-19",14969
70,370,458,0,0,"20-24",14969
70,354,489,0,1,"25-29",14969
70,420,484,0,0,"30-34",14969
70,387,465,1,1,"35-39",14969
70,415,428,0,0,"40-44",14969
70,430,444,0,0,"45-49",14969
70,532,488,0,0,"50-54",14969
70,592,406,0,0,"55-59",14969
70,585,437,1,0,"60-64",14969
70,548,474,2,0,"65-69",14969
70,501,407,2,1,"70-74",14969
70,470,399,2,1,"75-79",14969
70,255,263,3,0,"80-84",14969
70,115,119,0,0,"85-89",14969
70,40,41,0,0,"90+",14969
70,0,2,0,0,SemInfo,14969
71,39,42,0,0,"00-04",3606
71,46,47,0,0,"05-09",3606
71,86,76,0,0,"10-14",3606
71,102,57,0,0,"15-19",3606
71,89,44,0,0,"20-24",3606
71,83,49,0,0,"25-29",3606
71,129,50,0,0,"30-34",3606
71,169,91,0,0,"35-39",3606
71,234,120,1,0,"40-44",3606
71,269,141,0,0,"45-49",3606
71,312,151,0,0,"50-54",3606
71,372,137,1,0,"55-59",3606
71,275,117,1,0,"60-64",3606
71,165,51,0,0,"65-69",3606
71,81,18,0,0,"70-74",3606
71,18,5,0,0,"75-79",3606
71,3,2,0,0,"80-84",3606
72,1,1,0,0,"05-09",24
72,1,1,0,0,"15-19",24
72,0,1,0,0,"20-24",24
72,1,0,0,0,"25-29",24
72,0,1,0,0,"30-34",24
72,1,1,0,0,"35-39",24
72,2,1,0,0,"40-44",24
72,2,2,0,0,"45-49",24
72,1,3,0,0,"50-54",24
72,0,1,0,0,"55-59",24
72,1,2,0,0,"60-64",24
73,219,131,0,0,"00-04",8953
73,331,215,1,0,"05-09",8953
73,388,215,1,0,"10-14",8953
73,391,241,0,0,"15-19",8953
73,402,269,0,0,"20-24",8953
73,388,335,0,0,"25-29",8953
73,400,346,0,0,"30-34",8953
73,410,346,0,1,"35-39",8953
73,361,333,0,1,"40-44",8953
73,454,365,0,0,"45-49",8953
73,424,372,0,0,"50-54",8953
73,380,373,0,1,"55-59",8953
73,324,283,1,0,"60-64",8953
73,176,136,0,0,"65-69",8953
73,63,40,0,0,"70-74",8953
73,22,18,0,0,"75-79",8953
73,19,15,0,0,"80-84",8953
73,2,15,0,0,"85-89",8953
73,2,4,0,0,"90+",8953
74,5,2,0,0,"05-09",670
74,5,4,0,0,"10-14",670
74,15,15,0,0,"15-19",670
74,20,20,0,0,"20-24",670
74,16,20,0,0,"25-29",670
74,19,21,0,0,"30-34",670
74,27,26,0,0,"35-39",670
74,26,25,0,0,"40-44",670
74,22,21,0,0,"45-49",670
74,56,42,0,0,"50-54",670
74,56,46,0,0,"55-59",670
74,59,46,0,0,"60-64",670
74,37,13,0,0,"65-69",670
74,10,1,0,0,"70-74",670
74,2,1,0,0,"75-79",670
75,543,665,1,1,"00-04",19345
75,259,297,1,0,"05-09",19345
75,252,269,0,0,"10-14",19345
75,259,295,0,0,"15-19",19345
75,229,319,0,0,"20-24",19345
75,232,305,0,0,"25-29",19345
75,287,345,0,0,"30-34",19345
75,411,373,0,0,"35-39",19345
75,708,405,0,0,"40-44",19345
75,1211,454,2,0,"45-49",19345
75,2015,601,3,1,"50-54",19345
75,2415,770,6,0,"55-59",19345
75,2097,836,4,2,"60-64",19345
75,1278,616,4,0,"65-69",19345
75,456,229,0,0,"70-74",19345
75,62,49,0,0,"75-79",19345
75,10,6,0,0,"80-84",19345
75,4,3,0,0,"85-89",19345
75,3,2,0,0,"90+",19345
76,538,404,1,0,"00-04",115081
76,854,651,1,0,"05-09",115081
76,1318,1168,1,0,"10-14",115081
76,2070,1846,2,0,"15-19",115081
76,2814,2541,1,3,"20-24",115081
76,4412,4044,2,7,"25-29",115081
76,5746,5105,4,4,"30-34",115081
76,6602,5492,9,3,"35-39",115081
76,7530,5592,5,2,"40-44",115081
76,7953,5666,9,2,"45-49",115081
76,8486,5493,6,6,"50-54",115081
76,7894,4703,8,13,"55-59",115081
76,6024,3171,7,9,"60-64",115081
76,3363,1766,1,1,"65-69",115081
76,1258,661,0,1,"70-74",115081
76,356,221,0,0,"75-79",115081
76,92,62,0,0,"80-84",115081
76,17,28,0,0,"85-89",115081
76,31,27,0,0,"90+",115081
77,23,23,0,0,"00-04",52838
77,401,133,0,0,"05-09",52838
77,708,523,0,0,"10-14",52838
77,1014,1429,0,0,"15-19",52838
77,1182,1723,0,0,"20-24",52838
77,1296,2185,0,0,"25-29",52838
77,1441,3304,1,0,"30-34",52838
77,1609,4480,0,1,"35-39",52838
77,1584,4751,0,0,"40-44",52838
77,1597,4661,0,0,"45-49",52838
77,1557,4591,0,0,"50-54",52838
77,1335,3637,0,1,"55-59",52838
77,969,2321,0,0,"60-64",52838
77,650,1569,0,2,"65-69",52838
77,490,966,0,0,"70-74",52838
77,327,665,0,0,"75-79",52838
77,204,485,0,0,"80-84",52838
77,144,265,0,0,"85-89",52838
77,81,160,0,0,"90+",52838
77,0,1,0,0,SemInfo,52838
78,16,11,0,0,"00-04",12045
78,101,29,0,0,"05-09",12045
78,185,76,0,0,"10-14",12045
78,281,257,0,0,"15-19",12045
78,367,301,0,0,"20-24",12045
78,383,433,0,0,"25-29",12045
78,396,577,0,0,"30-34",12045
78,461,880,0,0,"35-39",12045
78,451,819,0,0,"40-44",12045
78,416,901,0,0,"45-49",12045
78,362,870,0,0,"50-54",12045
78,337,771,0,0,"55-59",12045
78,246,470,1,1,"60-64",12045
78,171,351,1,0,"65-69",12045
78,150,270,0,0,"70-74",12045
78,159,229,0,0,"75-79",12045
78,117,233,0,0,"80-84",12045
78,67,142,0,0,"85-89",12045
78,40,94,1,0,"90+",12045
79,5,3,0,0,"00-04",3445
79,46,28,0,0,"05-09",3445
79,62,69,0,0,"10-14",3445
79,68,108,0,0,"15-19",3445
79,91,169,0,0,"20-24",3445
79,115,231,0,0,"25-29",3445
79,130,269,0,0,"30-34",3445
79,136,264,0,0,"35-39",3445
79,123,262,0,0,"40-44",3445
79,117,239,0,0,"45-49",3445
79,107,214,0,0,"50-54",3445
79,74,187,0,0,"55-59",3445
79,70,109,0,0,"60-64",3445
79,29,47,0,0,"65-69",3445
79,24,60,0,0,"70-74",3445
79,11,32,0,0,"75-79",3445
79,4,14,0,0,"80-84",3445
79,0,2,0,0,"85-89",3445
80,19,6,0,0,"00-04",10084
80,9,15,0,0,"05-09",10084
80,27,44,0,0,"10-14",10084
80,90,143,0,0,"15-19",10084
80,95,250,0,0,"20-24",10084
80,145,368,0,0,"25-29",10084
80,181,524,0,1,"30-34",10084
80,218,705,0,0,"35-39",10084
80,263,967,0,0,"40-44",10084
80,333,920,0,0,"45-49",10084
80,429,560,0,0,"50-54",10084
80,454,418,0,0,"55-59",10084
80,393,425,2,0,"60-64",10084
80,380,326,0,0,"65-69",10084
80,298,285,0,0,"70-74",10084
80,239,226,2,0,"75-79",10084
80,141,165,0,0,"80-84",10084
80,68,76,1,0,"85-89",10084
80,24,37,0,0,"90+",10084
81,96,98,0,0,"00-04",19054
81,432,428,0,0,"05-09",19054
81,1072,1161,0,0,"10-14",19054
81,1304,1256,0,0,"15-19",19054
81,1036,1069,0,1,"20-24",19054
81,843,979,0,0,"25-29",19054
81,744,941,0,0,"30-34",19054
81,711,857,0,0,"35-39",19054
81,539,711,0,0,"40-44",19054
81,480,546,0,0,"45-49",19054
81,412,516,0,0,"50-54",19054
81,349,457,0,0,"55-59",19054
81,319,435,0,0,"60-64",19054
81,237,396,0,0,"65-69",19054
81,167,276,0,0,"70-74",19054
81,103,203,0,0,"75-79",19054
81,50,108,0,0,"80-84",19054
81,19,46,0,0,"85-89",19054
81,3,14,0,0,"90+",19054
82,4,3,0,0,"00-04",64
82,6,9,0,0,"05-09",64
82,8,6,0,0,"10-14",64
82,7,7,0,0,"15-19",64
82,3,2,0,0,"20-24",64
82,2,0,0,0,"25-29",64
82,3,3,0,0,"30-34",64
82,1,1,0,0,"35-39",64
82,0,1,0,0,"40-44",64
83,9,0,0,0,"00-04",96
83,29,1,0,0,"05-09",96
83,21,0,0,0,"10-14",96
83,16,1,0,0,"15-19",96
83,13,0,0,0,"20-24",96
83,1,0,0,0,"25-29",96
83,1,0,0,0,"30-34",96
83,3,0,0,0,"35-39",96
83,2,0,0,0,"40-44",96
84,2306,1412,2,0,"00-04",75843
84,12005,10506,0,1,"05-09",75843
84,27340,15405,0,0,"10-14",75843
84,4882,1095,0,0,"15-19",75843
84,318,186,0,0,"20-24",75843
84,190,181,0,0,"25-29",75843
84,164,212,0,0,"30-34",75843
84,148,212,0,0,"35-39",75843
84,147,197,0,0,"40-44",75843
84,106,145,0,0,"45-49",75843
84,87,135,0,0,"50-54",75843
84,74,109,0,0,"55-59",75843
84,55,80,0,0,"60-64",75843
84,23,46,0,0,"65-69",75843
84,22,26,0,0,"70-74",75843
84,20,11,0,0,"75-79",75843
84,6,10,0,0,"80-84",75843
84,3,5,0,0,"85-89",75843
84,11,6,0,0,"90+",75843
84,2,2,0,0,SemInfo,75843
85,627,810,0,0,"00-04",21624
85,516,685,0,0,"05-09",21624
85,332,468,0,0,"10-14",21624
85,155,286,0,0,"15-19",21624
85,96,174,0,0,"20-24",21624
85,102,322,0,0,"25-29",21624
85,79,394,0,0,"30-34",21624
85,110,529,0,0,"35-39",21624
85,160,852,0,0,"40-44",21624
85,225,1104,0,0,"45-49",21624
85,284,1687,0,0,"50-54",21624
85,425,2044,0,0,"55-59",21624
85,431,2114,0,0,"60-64",21624
85,463,1791,0,0,"65-69",21624
85,429,1567,0,0,"70-74",21624
85,413,1159,0,0,"75-79",21624
85,225,740,0,0,"80-84",21624
85,103,285,0,0,"85-89",21624
85,41,98,0,0,"90+",21624
85,0,4,0,0,SemInfo,21624
86,58,148,0,0,"00-04",358916
86,21,54,0,0,"05-09",358916
86,15,31,0,0,"10-14",358916
86,26,49,0,1,"15-19",358916
86,25,40,0,0,"20-24",358916
86,44,54,0,0,"25-29",358916
86,48,63,0,0,"30-34",358916
86,84,83,0,0,"35-39",358916
86,339,405,0,0,"40-44",358916
86,588,740,1,2,"45-49",358916
86,1481,1836,2,0,"50-54",358916
86,3621,4432,5,7,"55-59",358916
86,7277,9646,10,10,"60-64",358916
86,13025,19716,17,23,"65-69",358916
86,23133,38184,52,65,"70-74",358916
86,32265,58988,94,99,"75-79",358916
86,28613,58209,75,108,"80-84",358916
86,15249,34068,48,89,"85-89",358916
86,4219,11002,14,25,"90+",358916
86,0,4,0,0,SemInfo,358916
87,148,159,0,0,"00-04",276982
87,283,253,0,0,"05-09",276982
87,440,396,0,0,"10-14",276982
87,646,644,0,0,"15-19",276982
87,639,731,0,0,"20-24",276982
87,869,1009,0,0,"25-29",276982
87,1441,1773,0,0,"30-34",276982
87,2161,2742,0,0,"35-39",276982
87,3380,4892,0,0,"40-44",276982
87,6219,9572,0,2,"45-49",276982
87,9305,14985,0,0,"50-54",276982
87,12551,20783,0,0,"55-59",276982
87,16747,25670,1,0,"60-64",276982
87,18276,26218,1,3,"65-69",276982
87,16708,22281,1,1,"70-74",276982
87,13318,17444,3,1,"75-79",276982
87,7740,10716,3,1,"80-84",276982
87,3484,5296,0,0,"85-89",276982
87,992,1837,1,0,"90+",276982
87,1,1,0,0,SemInfo,276982
