"co_pcdt","sg_uf","qt_cobertura_municipio_uf","qt_cns_mes_habitante"
0,AC,82,22.395275287129458
0,AL,88,53.336308186081915
0,AM,61,11.390734295304487
0,AP,44,9.149821925117697
0,BA,63,9.762990009130073
0,CE,96,27.74592172849259
0,DF,100,11.070329213125165
0,ES,99,119.5446817846741
0,GO,73,33.47303059067264
0,MA,64,40.031551564041145
0,MG,66,25.586280398988723
0,MS,91,40.67191266851986
0,MT,83,90.28895596068475
0,PA,81,19.427470974910083
0,PB,84,46.19273964304021
0,PE,59,21.858094060603253
0,PI,65,25.852623888965958
0,PR,97,85.6702827604247
0,RJ,89,6.57106682012871
0,RN,96,66.35191714772105
0,RO,87,27.39436586352535
0,RR,80,22.45513268572128
0,RS,76,38.830025743561436
0,SC,88,123.15569647907047
0,SE,83,58.30010299504757
0,SP,98,67.87469699761833
0,TO,58,92.16221391312766
1,AC,50,26.891275067345106
1,AL,96,99.68830202972508
1,AM,37,20.83286498789022
1,AP,38,46.32665554150237
1,BA,54,12.029148991936015
1,CE,99,46.49859209932994
1,DF,100,11.658695033937212
1,ES,100,889.5507442758447
1,GO,73,96.78106051298472
1,MA,36,67.07652232435905
1,MG,94,222.77245817737202
1,MS,87,49.08726608554175
1,MT,35,29.603841062913034
1,PA,47,19.293568717666172
1,PB,95,158.03392515960672
1,PE,86,57.04538337573167
1,PI,76,137.54611634096713
1,PR,98,99.79896385630997
1,RJ,92,8.141776555000522
1,RN,93,99.28388375538732
1,RO,69,76.38668163049249
1,RR,93,80.87866582552853
1,RS,76,25.196499718089424
1,SC,96,359.5520121783032
1,SE,95,88.10753903360295
1,SP,100,129.20178783903552
1,TO,45,188.81330278092818
2,AC,23,1.8356783022237262
2,AL,47,3.1103246674389027
2,AM,34,2.1635231177245
2,AP,12,0.8074519561600241
2,BA,48,4.535809736001418
2,CE,76,9.636504416038774
2,DF,100,1.7379421168602054
2,ES,76,17.47374240261741
2,GO,28,2.4672609402514576
2,MA,29,9.594252805314774
2,MG,42,6.840464982597994
2,MS,52,3.3744052163181055
2,MT,38,8.059265246142015
2,PA,34,1.8222350659714879
2,PB,65,14.32965189431008
2,PE,29,2.39456648416721
2,PI,17,2.9020719052160096
2,PR,47,4.882219754662396
2,RJ,77,1.7835752797492213
2,RN,47,8.5850330086758
2,RO,29,2.2177591499450147
2,RR,47,4.402363249314483
2,RS,48,8.775471106004284
2,SC,42,9.414104934247591
2,SE,60,9.52757321111528
2,SP,83,10.88963960994627
2,TO,17,6.593035089675799
3,AC,9,0.844412019022914
3,AL,1,0.05759860495257227
3,AM,5,0.2416650546509044
3,AP,6,0.12092275671961714
3,BA,4,0.49603679357168057
3,CE,15,0.36874379143005503
3,DF,100,0.13676779888612478
3,ES,9,0.26395381272835966
3,GO,6,0.33001579455592744
3,MA,1,0.13255533660605096
3,MG,4,0.20804770266947226
3,MS,8,0.2203693202493457
3,MT,11,0.8020518778612485
3,PA,19,0.6578676116766075
3,PB,5,0.3520548266716737
3,PE,1,0.027908700281669117
3,PI,4,0.21765539289120073
3,PR,7,0.2810307082254878
3,RJ,14,0.039953908319013146
3,RN,11,0.4895498655851292
3,RO,10,0.25385763328833116
3,RR,7,0.3381686375980288
3,RS,7,0.37281413195443036
3,SC,13,1.189809271068986
3,SE,1,0.08720890811089502
3,SP,22,0.37410599653375015
3,TO,2,0.5231965741088328
4,AC,14,0.28147067300763795
4,AL,37,1.8661948004633417
4,AM,6,0.3925441729957872
4,AP,6,0.2852536825180712
4,BA,16,1.3068160189045008
4,CE,32,0.8295389526915545
4,DF,100,0.17531872231484527
4,ES,15,0.5283106083769152
4,GO,5,0.2611908113325849
4,MA,5,0.718008073282776
4,MG,4,0.17964074437950817
4,MS,11,0.24294474873353614
4,MT,16,1.1636913406469007
4,PA,14,0.4571146023154212
4,PB,9,0.8654681155678644
4,PE,3,0.158006180056219
4,PI,1,0.3255983113169182
4,PR,9,0.33613476866185793
4,RJ,26,0.14067232300513607
4,RN,10,0.41827581386016477
4,RO,2,0.4276044560717381
4,RR,7,0.34375820185584743
4,RS,2,0.1187269620224109
4,SC,8,0.7944655261546564
4,SE,3,27.72233311155467
4,SP,26,0.44246673084011817
4,TO,1,0.645275774734227
6,AC,9,0.5263867131571411
6,AL,2,0.06555552563674205
6,BA,3,0.19132847752050536
6,DF,100,0.17033807679453716
6,ES,26,2.0324443580083695
6,GO,0,0.03098107459096462
6,MA,1,0.14360161465655522
6,MG,8,0.6205560786520465
6,MS,5,0.5767691239338423
6,MT,1,1.241270763356694
6,PB,1,4.019292604501607
6,PE,5,0.12095307791493624
6,PI,1,0.2002429614599047
6,PR,7,0.3802180170109541
6,RJ,34,0.4450566665928202
6,RO,2,10.38842314125139
6,RS,6,0.395756540074703
6,SC,7,1.0396117414009975
6,SE,1,0.06717442922055428
6,SP,20,0.4169253575827938
7,AC,5,1.8626735713740752
7,AL,2,0.09430551251556749
7,AM,5,0.16207045393875852
7,AP,12,0.6650751619578942
7,BA,2,0.03897431949491777
7,CE,20,0.9341509382894728
7,DF,100,0.050837332996819244
7,ES,35,1.5155187524972824
7,GO,4,0.1582974614136878
7,MA,2,0.5869847022457731
7,MG,16,2.180913848673089
7,MS,16,0.2479154852805139
7,MT,5,8.808425120708986
7,PA,3,0.060762368833371494
7,PB,30,3.766226033107062
7,PE,4,0.18124238300566295
7,PI,5,1.3733477445258948
7,PR,9,0.26449949009457674
7,RJ,34,0.25543865385289066
7,RN,10,0.417908421840964
7,RO,4,11.777823144207666
7,RR,33,6.3181887227176
7,RS,28,3.045604677966193
7,SC,10,0.9601969555995324
7,SE,12,5.493213288072138
7,SP,44,1.165888567510804
7,TO,6,0.8478075872420502
8,AC,23,3.4924225252792365
8,AL,26,2.377289944592955
8,AM,37,3.259806265438489
8,AP,38,4.796972477574537
8,BA,23,3.7668317860229803
8,CE,60,6.661524202998231
8,DF,100,2.1362205186406698
8,ES,64,14.768935696186436
8,GO,56,12.121345433714906
8,MA,18,4.269237192492181
8,MG,53,13.886799828613377
8,MS,56,4.777398405540714
8,MT,47,14.083202866495576
8,PA,23,2.7768468104174215
8,PB,42,11.070997932935231
8,PE,27,4.233070972452083
8,PI,34,9.292620612091905
8,PR,66,15.112809829300263
8,RJ,93,5.8616102936898855
8,RN,43,9.670925359259094
8,RO,46,4.376619691209161
8,RR,60,8.618730412295706
8,RS,57,15.709038879001273
8,SC,66,43.20886300197896
8,SE,24,1.7260096396947973
8,SP,76,9.750338753462787
8,TO,24,15.773407826836658
9,AC,9,0.5333128541197351
9,AL,2,0.08152417931748691
9,CE,4,0.06014969647440615
9,DF,100,0.058836582081204875
9,ES,6,0.6938214506002596
9,MA,0,0.47867204885518394
9,MG,2,0.07557405361512812
9,MS,1,0.6128171941797074
9,PB,9,0.9028845705764481
9,PE,1,0.15180703248102062
9,PR,3,0.1046977148291033
9,RJ,11,0.029027119756010304
9,RN,2,0.2059691507644751
9,RO,2,1.4076457687575836
9,RS,9,0.4531125603753846
9,SC,4,0.3972327630773282
9,SE,1,0.41424231352675134
9,SP,9,0.10366792675031632
10,AC,86,53.308097896577
10,AL,89,28.845381360248194
10,AM,84,19.729611477527392
10,AP,88,34.46298566509088
10,BA,92,60.15272850045913
10,CE,101,78.31708414650558
10,DF,100,40.20801501610955
10,ES,100,227.15865123402634
10,GO,91,48.73233232942529
10,MA,65,60.62485557891961
10,MG,97,111.24812845846574
10,MS,97,58.38409678356102
10,MT,87,77.15667107299798
10,PA,89,29.097542682829065
10,PB,97,138.723845472762
10,PE,93,53.121420116128995
10,PI,74,35.22389774955932
10,PR,100,186.25723468097476
10,RJ,98,20.02522697337413
10,RN,98,65.81460631963982
10,RO,92,32.03149863159221
10,RR,87,43.15203350567019
10,RS,97,100.67128683175635
10,SC,99,242.8463343792383
10,SE,88,40.14548334135342
10,SP,100,87.54906657436315
10,TO,65,88.02403231428859
11,AC,82,51.43570602830881
11,AL,100,117.46659494027591
11,AM,98,52.18245824339488
11,AP,62,42.64542553645165
11,BA,89,61.28755387705687
11,CE,99,75.26880213735045
11,DF,100,51.015842555333954
11,ES,100,241.75529707790457
11,GO,77,48.70090225375329
11,MA,57,104.4099039119669
11,MG,95,101.05379102766159
11,MS,96,70.7936441301023
11,MT,92,184.33770307414557
11,PA,66,20.423005148332205
11,PB,100,267.23927023626453
11,PE,87,52.272995627566246
11,PI,67,66.75974578623996
11,PR,100,323.15776242909277
11,RJ,98,19.826905037152944
11,RN,100,241.467486139709
11,RO,100,145.7168568747963
11,RR,93,48.1194079029195
11,RS,97,118.60077877774941
11,SC,99,786.7561620326518
11,SE,100,130.66643411463394
11,SP,100,253.82040161210233
11,TO,53,89.23174855722579
12,AC,18,0.9211767480249972
12,AL,16,3.1794429933819894
12,AM,6,0.9351903220520256
12,AP,19,1.5892705168863965
12,BA,8,1.381344366098661
12,CE,22,12.212794372163424
12,DF,100,3.2050453923182656
12,ES,76,44.99057068520737
12,GO,32,9.290135745587904
12,MA,14,11.061205453275198
12,MG,21,6.123981490301304
12,MS,32,6.117831089891014
12,MT,14,4.610434263896292
12,PA,4,0.9119829412288011
12,PB,39,22.264765611778646
12,PE,1,9.949451650415039
12,PI,10,5.74226139480609
12,PR,55,31.26008669587357
12,RJ,11,0.1042606750419962
12,RN,10,4.555552981614273
12,RO,25,11.467504007516668
12,RR,13,1.9807020202170256
12,RS,36,16.642603974720405
12,SC,14,16.049006257877902
12,SE,23,25.919733332102442
12,SP,64,9.752969424536339
12,TO,3,2.1509192491140903
13,PB,0,3.0645986754804526
13,RS,0,0.791513080149406
14,AC,23,0.49152341405811406
14,AL,13,0.46078883962057815
14,AM,19,2.070391327888677
14,AP,6,0.45275729841531065
14,BA,13,0.7227964706330203
14,CE,43,1.6716385211495828
14,DF,100,0.8237121491368683
14,ES,45,3.2466318965588234
14,GO,18,0.9743323458317857
14,MA,5,1.3207155800529895
14,MG,22,2.2526544358004927
14,MS,24,0.798838785903878
14,MT,16,1.4677800267429522
14,PA,10,0.19938730275735692
14,PB,15,1.6164546344191248
14,PE,14,0.7981888280557367
14,PI,6,0.4872091519705709
14,PR,32,2.4300890652439238
14,RJ,55,0.6333080496663284
14,RN,17,1.3373069498910848
14,RO,15,0.6804488300967658
14,RR,13,0.8665571338449486
14,RS,31,2.6039633216509444
14,SC,21,3.2980678040157856
14,SE,21,0.9189913510173308
14,SP,58,4.1286878653604235
14,TO,2,0.5866143406674792
15,AC,23,0.8076984529784395
15,AL,11,0.7487818643834395
15,AM,10,0.9098259468576538
15,AP,12,0.453236406667602
15,BA,28,1.4560682524346351
15,CE,41,2.097742457913202
15,DF,100,1.1450504051188333
15,ES,50,6.308496124207795
15,GO,28,2.396543269989473
15,MA,17,1.6456535402247567
15,MG,31,3.780728941614203
15,MS,41,1.6252237368389244
15,MT,18,2.4460335630852503
15,PA,19,0.6753331234910307
15,PB,18,2.1989608089845754
15,PE,29,2.115479481350519
15,PI,5,0.49577061714106835
15,PR,41,3.466045401447683
15,RJ,57,0.6584288282543456
15,RN,20,1.7313348904839936
15,RO,38,2.8939770194869747
15,RR,13,1.1068628936506906
15,RS,36,4.164047073829485
15,SC,43,10.666535745899155
15,SE,24,1.422832294287537
15,SP,60,2.83208756412096
15,TO,9,2.1742988061696784
16,AC,45,9.949376398052596
16,AL,76,36.96678465856088
16,AM,31,7.3645753808635295
16,AP,31,13.90611702275597
16,BA,81,43.755374751219215
16,CE,101,144.80568689458264
16,DF,100,91.81674928318488
16,ES,100,292.88315060338783
16,GO,86,76.11578575864927
16,MA,53,90.72916508626845
16,MG,85,158.35658499567572
16,MS,87,50.06515494414822
16,MT,62,168.68689779703942
16,PA,27,2.905096798465727
16,PB,93,272.103196793886
16,PE,74,29.276226595470902
16,PI,33,24.994094283672883
16,PR,96,217.00530040446932
16,RJ,97,17.310860739626804
16,RN,96,307.61641919682154
16,RO,73,42.313836508609995
16,RR,87,37.17404516204417
16,RS,98,198.58374908704988
16,SC,99,1348.1373995086046
16,SE,99,328.1699649900407
16,SP,100,625.3211780736054
16,TO,28,59.4775931494157
17,AC,32,1.8356783022237262
17,AL,35,4.020382625689544
17,AM,21,4.670917459458191
17,AP,12,2.1518954808936246
17,BA,57,10.551773293912705
17,CE,72,8.386872678414697
17,DF,100,5.019213040619708
17,ES,85,19.0838606602604
17,GO,58,12.894188544435167
17,MA,22,5.146598014333475
17,MG,57,15.018891915122076
17,MS,58,4.228336332284321
17,MT,46,11.009531988033288
17,PA,36,2.6198267721634814
17,PB,53,16.572300666387065
17,PE,45,6.9604298502482775
17,PI,30,8.089525435789628
17,PR,55,11.599404721855919
17,RJ,68,2.0427159430782407
17,RN,62,12.955161077069882
17,RO,58,6.549526938838944
17,RR,33,1.7331142676898972
17,RS,55,10.478944908934528
17,SC,65,29.22338560520317
17,SE,55,7.744530209413178
17,SP,83,10.393836482009975
17,TO,12,7.013867116676381
18,AC,55,9.6556678696968
18,AL,88,38.256993409498506
18,AM,44,8.869011985903745
18,AP,25,5.804292322541622
18,BA,90,42.260897024499734
18,CE,98,61.227857990341576
18,DF,100,6.250255373395687
18,ES,100,391.8394349952499
18,GO,80,48.064443221395436
18,MA,50,60.993999685145596
18,MG,91,117.97739553101627
18,MS,96,53.83897955341827
18,MT,70,55.407448567226346
18,PA,38,9.221790238015453
18,PB,97,153.9563819376485
18,PE,85,45.971211103965366
18,PI,76,78.56150486745175
18,PR,98,151.87781137472342
18,RJ,90,12.66351670084362
18,RN,96,94.56670574229813
18,RO,85,29.788537673125084
18,RR,47,10.047039232984911
18,RS,84,31.052549390789014
18,SC,96,216.23217963164257
18,SE,88,43.41259445760354
18,SP,100,138.04811758839585
18,TO,37,45.80055227189677
19,AC,36,3.08393954773586
19,AL,50,5.5755449594089965
19,AM,18,1.3181730253685693
19,AP,31,1.2313813546867882
19,BA,75,25.022026611382724
19,CE,93,19.42870065512579
19,DF,100,8.268802727873947
19,ES,100,64.14077649299139
19,GO,65,14.23782427941287
19,MA,21,6.530204812484226
19,MG,77,37.58130656669071
19,MS,76,11.6107085606374
19,MT,60,26.42647465755049
19,PA,33,1.4962121787689215
19,PB,77,21.902232163660937
19,PE,43,5.24125391289746
19,PI,46,12.273345765809376
19,PR,82,27.822040114323293
19,RJ,98,7.23081779462453
19,RN,72,13.982021770736253
19,RO,54,5.771214151561458
19,RR,67,7.485044228573759
19,RS,81,30.771504891315672
19,SC,82,77.60896262867526
19,SE,67,14.372407225841199
19,SP,98,29.96754299944651
19,TO,27,15.149952972020982
20,AC,9,0.08042019228789657
20,AL,7,0.3110324667438903
20,AM,3,0.1934275635051705
20,AP,19,0.56430619802488
20,BA,11,0.5733130156359236
20,CE,12,0.3154807993346027
20,DF,100,0.190087419031585
20,ES,22,1.0822106321862743
20,GO,7,0.2907281999659361
20,MA,5,0.35638356922064796
20,MG,9,0.5739246970192339
20,MS,8,0.16527699018700925
20,MT,4,0.4497357838248891
20,PA,12,0.34348839901698974
20,PB,4,0.4077543221958153
20,PE,12,0.34048614343636324
20,PI,2,0.1451035952608005
20,PR,10,0.4298116714036872
20,RJ,26,0.2343962621382104
20,RN,5,0.3343267374727712
20,RO,6,0.12786211676654916
20,RR,7,0.26663296425998423
20,RS,5,0.3441361218040896
20,SC,8,0.8558277212952355
20,SE,8,0.5042949903803929
20,SP,14,0.273442937225472
20,TO,4,0.9118027251679295
21,AL,1,0.16733910491484152
21,AM,3,0.14327967667049668
21,BA,1,0.07783961991432528
21,CE,1,0.18846904895313923
21,DF,100,0.06939699424962627
21,ES,14,1.4683198140610145
21,MG,2,0.13327193685590863
21,MS,1,0.23758567339382583
21,MT,1,0.1571228814375562
21,PB,1,0.26442714503300047
21,PE,1,0.027186357450849442
21,PI,0,0.6674765381996823
21,PR,1,0.028587820827891283
21,RJ,4,0.025657900498616253
21,RN,1,5.264931345295257
21,RS,3,0.12084169162586351
21,SC,4,3.4549236116389466
21,SP,13,0.136721468612736
21,TO,1,20.54738226349963
22,AC,45,6.461587623827516
22,AL,75,14.825880914792101
22,AM,44,4.241078429446702
22,AP,31,6.247675763846885
22,BA,93,30.15842085438356
22,CE,91,18.25281767578772
22,DF,100,10.988863176397341
22,ES,100,204.4850187206602
22,GO,75,25.049770310578495
22,MA,48,31.686692051588786
22,MG,92,72.83821811045351
22,MS,92,23.95139049460076
22,MT,74,43.264582403954336
22,PA,54,5.885877481460621
22,PB,89,62.80872827251968
22,PE,85,29.6390396991326
22,PI,54,24.25648434109715
22,PR,98,75.77910391209625
22,RJ,98,7.653904591896398
22,RN,86,28.955083513266786
22,RO,94,39.99527012457657
22,RR,60,12.458328648901292
22,RS,95,56.79966690376498
22,SC,97,143.88342641190388
22,SE,79,23.776290436689862
22,SP,100,53.82018075434539
22,TO,46,40.39987459205595
23,AC,18,0.4266502832957881
23,AL,3,0.17663572185455495
23,AM,3,0.09313178983582285
23,AP,6,0.5990327332879496
23,BA,7,0.37478335514304756
23,CE,28,1.1844660667784883
23,DF,100,0.25797578297143675
23,ES,9,0.3214025837339438
23,GO,9,0.33001579455592744
23,MA,5,0.40879291763544906
23,MG,12,0.8501259574597402
23,MS,9,0.17021063168512893
23,MT,4,0.6049891115520021
23,PA,6,0.10042669293293344
23,PB,14,1.3397642015005358
23,PE,4,0.15283335868533088
23,PI,7,0.5441384822280019
23,PR,12,0.5841030406255237
23,RJ,22,0.09519452938617044
23,RN,10,0.7938081138952033
23,RO,10,0.22334813791147667
23,RS,12,0.6137094172172931
23,SC,12,1.294178505373283
23,SE,7,0.399123980916286
23,SP,20,0.3793645145573169
23,TO,1,0.624216802980011
24,AC,41,1.5402075226977952
24,AL,51,2.730173874751926
24,AP,44,5.068007092737731
24,BA,71,17.521703814669063
24,CE,72,4.365134837194319
24,DF,100,5.693570789088903
24,ES,77,20.377234342629365
24,GO,59,10.481930236609694
24,MA,55,10.903085557256968
24,MG,54,10.685760452626859
24,MS,49,2.603112595445396
24,MT,38,7.223635870963016
24,PA,51,3.9122746464307987
24,PB,36,4.543548161610513
24,PE,9,4.063506761011023
24,PI,33,4.4336032829321965
24,PR,37,3.0637857602621805
24,RJ,80,2.953674703454233
24,RN,37,4.716395046490879
24,RO,29,1.6500746163741524
24,RR,27,1.9641961700485502
24,RS,28,3.263557555108783
24,SC,17,2.8179693262160197
24,SE,73,10.031868201495675
24,SP,69,5.112030735767409
24,TO,27,12.344406125350428
25,AC,5,0.27072751754933116
25,AL,5,0.28447647835523066
25,AM,3,0.3725271593432914
25,AP,6,0.515041371213184
25,BA,6,0.8549205566627122
25,CE,7,0.4787388980707478
25,ES,14,1.187205593249333
25,GO,1,0.06638801698063847
25,MA,4,0.6154354913852366
25,MG,4,0.25300513726931223
25,MS,14,0.5079417844971448
25,MT,1,4.442442732013431
25,PA,3,0.07532001969970008
25,PB,9,0.8155086443916306
25,PE,19,1.2168193322807734
25,PI,1,0.10539103234731825
25,PR,8,0.5242399931514671
25,RJ,14,0.057187758325274035
25,RN,13,0.9140820705459917
25,RO,2,3.4778495760501364
25,RR,7,0.6302233700690536
25,RS,6,0.3384005197740214
25,SC,4,0.8899045666342741
25,SE,1,1.9883631049284065
25,SP,27,1.0764937611101686
26,AC,41,16.840667872344312
26,AL,52,9.538328980145968
26,AM,66,16.05817210547211
26,AP,56,23.602814838623644
26,BA,68,16.369813025040802
26,CE,80,23.803640882781487
26,DF,100,4.277209386653304
26,ES,100,145.86087691369153
26,GO,77,49.11591205576024
26,MA,3,1.6340873391952833
26,MG,82,80.93065738150517
26,MS,86,37.37082886206413
26,MT,56,22.594725779362427
26,PA,10,0.21911278458094569
26,PB,63,32.29996737965422
26,PE,59,55.36252805677559
26,PI,3,0.7116477796981906
26,PR,87,129.5097538506044
26,RJ,50,1.2124081034321985
26,RN,23,3.507360395875062
26,RO,98,114.76903600965451
26,RR,40,40.20825101040562
26,RS,75,70.18825848761495
26,SC,88,239.2180236248865
26,SE,97,57.34819322854173
26,SP,99,128.62561508754388
26,TO,18,14.041564393864519
27,AC,27,3.5615794069679336
27,AL,100,84.46259430245198
27,AM,45,3.16658858349818
27,AP,56,4.03725978080012
27,BA,59,8.20576236489945
27,CE,98,30.91711833479106
27,DF,100,43.054800410654
27,ES,100,488.5521119789209
27,GO,90,73.04349586171193
27,MA,33,11.446201693792574
27,MG,80,58.90619609031161
27,MS,97,59.56858187990125
27,MT,83,40.36828395612205
27,PA,53,3.512735127989905
27,PB,73,38.95510042406449
27,PE,92,79.81596697121589
27,PI,12,1.0157251668256035
27,PR,26,3.39959638739206
27,RJ,60,0.8779051043391274
27,RN,83,25.384951566682556
27,RO,100,45.287649914218086
27,RR,40,4.3011594964566795
27,RS,89,62.11083438360811
27,SC,98,470.4547605500493
27,SE,51,4.828299752746234
27,SP,100,108.62445559595825
27,TO,63,51.20122995173758
28,AC,55,4.736050019737213
28,AL,42,4.607888396205782
28,AM,11,3.4243842724248705
28,AP,12,2.234097488901779
28,BA,30,4.008552407182161
28,CE,68,10.976273524901305
28,DF,100,2.329611507693658
28,ES,87,42.73412228072142
28,GO,45,10.026194139365796
28,MA,21,11.844512741745064
28,MG,52,17.64818443334144
28,MS,75,11.67957397321532
28,MT,47,25.336526757927814
28,PA,26,2.9283841475516246
28,PB,55,15.072347266881028
28,PE,47,6.954848110191944
28,PI,22,6.91660470743149
28,PR,78,31.216450237203695
28,RJ,86,6.764100171384
28,RN,66,18.84169970471546
28,RO,46,4.914352661809976
28,RR,20,3.109887284079068
28,RS,53,10.828816632768685
28,SC,74,63.18513444782142
28,SE,69,14.208511353967571
28,SP,91,24.76236137297592
28,TO,12,5.049984324006994
29,AC,41,4.919617849959586
29,AL,74,12.556495879660757
29,AM,50,5.480447632646498
29,AP,50,4.635372340918657
29,BA,90,28.080817472612317
29,CE,99,39.80384370825539
29,DF,100,9.608466442953688
29,ES,100,158.34589225574294
29,GO,88,33.80304638522857
29,MA,57,21.051164235522545
29,MG,92,58.508035831754526
29,MS,89,18.125376590508683
29,MT,76,38.065636742938615
29,PA,47,3.621182782857078
29,PB,92,48.042196747285516
29,PE,71,16.376825325283438
29,PI,43,9.867044477734433
29,PR,99,73.42616053146322
29,RJ,99,6.387288492563742
29,RN,85,31.868502225529507
29,RO,94,37.34908022975582
29,RR,53,8.087866582552856
29,RS,80,22.988292936513187
29,SC,91,79.19537499010058
29,SE,87,16.33555558125059
29,SP,100,74.42080072009846
29,TO,23,15.009675629687456
30,AC,23,0.7361540678661302
30,AL,36,1.9698722893779717
30,AM,23,0.9313178983582283
30,AP,19,1.3597092200028058
30,BA,44,3.537163404595409
30,CE,57,2.3026001198187886
30,DF,100,1.7379421168602054
30,ES,81,14.596645843878287
30,GO,42,4.384495556243036
30,MA,16,2.9034779021799846
30,MG,51,8.14614366831675
30,MS,58,2.961212740850583
30,MT,38,4.983072484779772
30,PA,35,1.6883328087275766
30,PB,36,4.528985507246377
30,PE,29,2.8634326488992516
30,PI,21,2.841612073857343
30,PR,55,5.339583456284268
30,RJ,74,1.7201122601584409
30,RN,46,4.047741571545337
30,RO,48,2.696593511864961
30,RR,33,1.0831964173061859
30,RS,54,7.2096517517956755
30,SC,58,14.799557424349317
30,SE,35,2.413411739677595
30,SP,70,4.3938674171202905
30,TO,15,5.611093693341105
31,AC,18,1.1014069813342355
31,AL,40,4.723085606110926
31,AM,23,1.4399607505384915
31,AP,12,0.9092461130263519
31,BA,53,8.052022518259637
31,CE,59,4.916583885734067
31,DF,100,7.028708613239321
31,ES,62,16.04839181388427
31,GO,51,11.91985619860338
31,MA,13,2.8510685537651836
31,MG,49,13.04961279847483
31,MS,57,5.3164098510154645
31,MT,33,7.645508325023115
31,PA,24,1.41470645696828
31,PB,30,5.854187054382776
31,PE,41,5.732447037854836
31,PI,23,3.1076353318354775
31,PR,71,16.50366610069286
31,RJ,82,4.068243985017312
31,RN,36,5.5283314089247515
31,RO,46,3.326638724917522
31,RR,20,2.2264825628716927
31,RS,62,18.193329639376202
31,SC,59,29.76610562358551
31,SE,25,3.4357744827807024
31,SP,77,11.47784241172524
31,TO,10,5.681232364507869
32,AC,18,0.7342713208894904
32,AL,6,0.1926935147504236
32,AM,11,0.9169899306911787
32,AP,19,0.3405579679042279
32,BA,20,1.3717305282086516
32,CE,38,1.6921242873401414
32,DF,100,1.3306119332210948
32,ES,40,3.642562615651363
32,GO,22,1.2179154322897323
32,MA,4,1.0136584563992133
32,MG,24,2.0266715863491696
32,MS,34,1.2808966739493217
32,MT,9,0.7447624580140164
32,PA,16,0.6287584253192355
32,PB,13,1.4125774733212173
32,PE,10,0.8986601490697456
32,PI,4,0.3680936791542366
32,PR,51,4.110762908553213
32,RJ,47,0.3675566551299359
32,RN,20,0.9552192499222033
32,RO,13,0.40322893635363904
32,RR,7,0.20389579619881146
32,RS,39,4.198460686009892
32,SC,49,7.827692572822276
32,SE,23,1.380807711755838
32,SP,56,2.158246040243904
32,TO,4,0.9532483035846535
33,AC,55,8.394811459191306
33,AL,78,13.132481929186477
33,AM,29,5.100756489469682
33,AP,12,0.6953058511377985
33,BA,38,4.852002974659609
33,CE,81,8.079586185556318
33,DF,100,4.1185607456843405
33,ES,91,64.72147488099377
33,GO,79,36.56889304436396
33,MA,7,2.3757620071856556
33,MG,71,24.73256741217261
33,MS,92,21.89920119977873
33,MT,61,20.919063158923105
33,PA,44,5.996492389618635
33,PB,62,18.916888019013
33,PE,60,16.51636882669178
33,PI,52,14.323949067934786
33,PR,69,12.982516638808809
33,RJ,85,3.448157397765729
33,RN,71,12.787997708333497
33,RO,94,22.404407776149068
33,RR,60,21.130662417603748
33,RS,72,20.03445789102808
33,SC,89,80.96965197327363
33,SE,63,5.799392389374519
33,SP,94,15.496101398590762
33,TO,13,5.0868455234523005
34,AC,68,8.701115152540462
34,AL,52,4.308375650452406
34,AM,31,2.37127864889672
34,AP,31,6.953058511377985
34,BA,47,7.278158905679718
34,CE,85,10.98314512836365
34,DF,100,7.440564687807755
34,ES,90,34.52515870486944
34,GO,59,12.180989655783279
34,MA,24,6.926666118727956
34,MG,68,19.011255588762122
34,MS,72,8.952503635129668
34,MT,65,18.68439149052708
34,PA,44,2.5278133440679835
34,PB,59,12.698634605526816
34,PE,54,10.203420822978229
34,PI,30,6.946700267930027
34,PR,84,23.336569594802764
34,RJ,91,2.3851518196201593
34,RN,65,12.370089286492533
34,RO,62,6.627083444127032
34,RR,20,2.9935610078280046
34,RS,70,15.640986735995869
34,SC,78,53.624912585547804
34,SE,48,3.842894077794324
34,SP,83,8.862856520291535
34,TO,28,21.532572048196492
35,AC,9,0.13880745518184887
35,AL,11,0.6650875649421509
35,AM,5,0.07604844377126363
35,AP,12,0.11124893618204776
35,BA,3,0.2551046366940072
35,CE,9,0.1799022740007238
35,DF,100,0.669831857539871
35,ES,27,2.4392160372665375
35,GO,15,1.0462906769755596
35,MA,1,0.06838172126502627
35,MG,9,0.5129451979609402
35,MS,18,0.6708301366413906
35,MT,3,1.1333341752387205
35,PA,3,0.055620937624393914
35,PB,8,0.7789326752910093
35,PE,2,0.3963035439997014
35,PI,1,0.13801206616910722
35,PR,33,2.110485514712977
35,RJ,28,0.13317969439671049
35,RN,10,0.7402949186897076
35,RO,8,1.294083563181446
35,RS,32,2.661319341951626
35,SC,21,2.2335016141119564
35,SP,30,0.5476370913114537
35,TO,1,0.645275774734227
36,AC,77,23.606822966597115
36,AL,99,96.32790692268186
36,AM,74,24.465004791487306
36,AP,69,41.91988899613394
36,BA,99,149.94011229687212
36,CE,100,182.84775471044995
36,DF,100,31.89395337894237
36,ES,100,787.7965494690623
36,GO,98,196.4144003932028
36,MA,80,121.09362244625599
36,MG,98,174.41571542414516
36,MS,97,109.28940976115987
36,MT,94,216.82661609765555
36,PA,74,29.02768063557137
36,PB,100,287.11729344331053
36,PE,96,100.97367761907886
36,PI,90,122.28605490603961
36,PR,100,190.60494504940436
36,RJ,100,28.591412471887995
36,RN,100,305.6104587719849
36,RO,100,175.05176199452356
36,RR,87,68.5208075689571
36,RS,98,128.95354044202244
36,SC,98,413.5735278542074
36,SE,97,107.68499098158463
36,SP,100,289.1846865374494
36,TO,71,148.2731508465387
37,AC,9,0.3698154827837579
37,AL,18,0.7466873696578914
37,AM,11,0.2742184760803228
37,AP,6,6.684313253656319
37,BA,19,0.7246079906095442
37,CE,18,0.6809648119109776
37,DF,100,0.41185607456843415
37,ES,35,2.7715150336477765
37,GO,19,0.9664748269137875
37,MA,12,0.9328864017834608
37,MG,20,2.392548580698931
37,MS,16,0.4717029427965009
37,MT,9,0.9229962086498494
37,PA,21,0.5705400526044915
37,PB,7,0.5242555571089053
37,PE,12,0.5972461860277191
37,PI,8,0.5078625834128018
37,PR,22,1.9010900850547705
37,RJ,41,0.35425798709524986
37,RN,10,0.42095884827775937
37,RO,17,0.6137381604794359
37,RS,20,1.3937512933065628
37,SC,25,3.5276801194852396
37,SE,23,1.062621586872971
37,SP,31,0.6655781384114512
37,TO,6,0.9819413963346934
38,AC,9,0.3897286241644219
38,AL,25,1.117412936079902
38,AM,3,0.17446407688701657
38,AP,12,0.2852536825180712
38,BA,36,3.435902063298995
38,CE,39,1.7085129002925885
38,DF,100,1.0997914958255988
38,ES,54,5.938960786388092
38,GO,26,1.469356037665677
38,MA,6,0.6079484416116935
38,MG,29,3.813012205821535
38,MS,32,0.9916619411220556
38,MT,18,2.626456977537353
38,PA,31,2.130792441359631
38,PB,17,1.5290787082343076
38,PE,28,1.7973202981394911
38,PI,8,1.0036332005538702
38,PR,37,2.58438043446576
38,RJ,51,0.6818800353111576
38,RN,13,1.0268606936663685
38,RO,17,0.5040361704420488
38,RR,7,1.7331142676898972
38,RS,32,3.7797617378149173
38,SC,37,8.850511069004387
38,SE,41,2.4674433457897798
38,SP,46,2.0530756797725687
38,TO,6,1.4027734233352762
39,AC,18,1.390796266625976
39,AL,77,1721.6683809163474
39,AM,23,7.846268008146247
39,AP,12,0.5917496605428072
39,BA,47,34.08634022533977
39,CE,39,48.70578707946127
39,DF,100,24.624556402182957
39,ES,99,835.172912960402
39,GO,76,77.66157402579002
39,MA,3,5.07392371786495
39,MG,8,1.1119791004747657
39,MS,87,107.63727554002128
39,MT,81,126.29492949984167
39,PA,30,9.3564202249183
39,PB,4,0.31731257403960056
39,PE,79,201.2509667168437
39,PI,16,15.864659748514187
39,PR,3,0.2765221941897848
39,RJ,18,0.1971703894947428
39,RN,4,0.41892030663961033
39,RO,83,55.2729664765111
39,RR,27,10.32794624827449
39,RS,70,45.18608495794109
39,SC,79,272.0100804219819
39,SE,5,0.25275802181293305
39,SP,100,294.87392691558637
39,TO,17,24.123386655448794
40,AC,5,5.0664721141374836
40,AM,2,0.49431488451321354
40,CE,3,0.17547118350809518
40,DF,100,0.03287226043403349
40,ES,3,0.12267717666574596
40,MA,0,0.23933602442759197
40,MG,1,0.06875139599709572
40,MS,5,0.6788128920144452
40,PA,1,10.250732927404309
40,PR,5,0.19010900850547705
40,RN,3,0.16341354110239348
40,RO,4,6.169335932680206
40,RR,7,0.23108190235865297
40,RS,0,18.200018200018203
40,SC,1,1.6516967881104259
40,SE,1,16.400970937479496
40,SP,7,0.11942545161636438
40,TO,1,23.135295206366834
41,AC,27,1.762251170134777
41,AL,27,1.497563728766879
41,AM,11,0.8453500923559304
41,AP,6,0.4158838735777486
41,BA,27,1.6425593760857444
41,CE,56,3.4334144135376237
41,DF,100,2.484714120198575
41,ES,42,4.540005578927786
41,GO,28,2.5222635726774456
41,MA,10,1.614207931175876
41,MG,30,3.8488824993852373
41,MS,24,0.9641157760908874
41,MT,18,2.2915767938892815
41,PA,28,1.432171968782703
41,PB,23,2.519339204995573
41,PE,29,2.054080340730847
41,PI,17,1.8137949407600062
41,PR,41,4.094231690422303
41,RJ,62,1.1251464514948757
41,RN,29,2.4955102904217563
41,RO,21,1.486906702804044
41,RR,7,0.764609235745543
41,RS,31,3.6593140951834857
41,SC,35,7.451963329326807
41,SE,36,2.1612642444873984
41,SP,56,2.904204382729876
41,TO,6,2.6725974252051943
43,AC,86,80.80655886388843
43,AL,42,12.752331136499501
43,AM,55,10.595532089783228
43,AP,56,11.769814987376067
43,BA,49,18.28622311835072
43,CE,54,7.85014560422206
43,DF,100,8.268802727873947
43,ES,87,53.68820550894835
43,GO,64,25.136203018676472
43,MA,25,16.005815005880276
43,MG,55,28.950913935263976
43,MS,85,19.805692657409942
43,MT,50,34.41378217828051
43,PA,55,13.122421209903303
43,PB,39,12.858823803532317
43,PE,39,17.253158514127843
43,PI,20,8.730399648191495
43,PR,76,41.28396207892852
43,RJ,98,21.069722504139058
43,RN,35,11.713376052171018
43,RO,79,22.10198607388384
43,RR,73,10.120375285780423
43,RS,80,133.02008228134076
43,SC,67,149.68635583922278
43,SE,56,9.833752312417662
43,SP,94,52.7902624385868
43,TO,17,19.288134570860045
45,AC,9,0.5354807925511161
45,AL,2,0.20735497782926018
45,AM,2,0.14123282414663244
45,AP,12,1.2237382980025253
45,BA,1,0.028344959632667463
45,CE,32,0.968607325357527
45,DF,100,0.35776508685972375
45,ES,10,0.5561164298704372
45,GO,13,0.6378456533433893
45,MA,1,0.04286615362882244
45,MG,15,0.8716481335979613
45,MS,16,0.27546165031168207
45,MT,8,0.7839604821200172
45,PA,12,0.360953910831413
45,PB,4,0.2549551278974901
45,PE,6,0.2958322229856926
45,PR,25,1.6421010010038306
45,RJ,33,0.11196174763032547
45,RN,5,0.16628702080067714
45,RO,10,0.1592908202771055
45,RS,27,1.8067146394714702
45,SC,37,5.59419095871032
45,SE,7,0.18829196069397788
45,SP,38,0.8533823535388356
45,TO,6,1.7854718038762594
46,AC,59,9.618954303652325
46,AL,67,12.026588714097091
46,AM,32,2.2709828752273724
46,AP,12,2.0381484491367527
46,BA,68,14.599091998631199
46,CE,83,10.27156316794609
46,DF,100,10.386919682797322
46,ES,95,53.8729731778582
46,GO,61,17.160821316908226
46,MA,33,13.51113002133574
46,MG,75,29.969630272473115
46,MS,71,7.850657033882939
46,MT,55,17.19525086885303
46,PA,38,3.5513207355993854
46,PB,62,23.35849760007456
46,PE,68,16.371243585227102
46,PI,36,12.333805597168043
46,PR,77,20.647491445507896
46,RJ,88,6.175745093927808
46,RN,79,27.558075360255568
46,RO,71,11.26520840937979
46,RR,33,3.918345300864116
46,RS,64,17.625505038399453
46,SC,76,47.842857005089755
46,SE,77,19.614373545491677
46,SP,92,23.57243386592881
46,TO,29,24.05756421019999
47,AC,9,0.3377648076091656
47,AL,19,1.7327964313931843
47,AM,29,1.9403014158462588
47,AP,12,1.4923637780518602
47,BA,46,6.335623384561043
47,CE,71,5.0675276059643135
47,DF,100,3.323620331741029
47,ES,76,22.478877402893545
47,GO,26,2.9306421910371934
47,MA,11,1.7653776480714123
47,MG,25,3.301540252060532
47,MS,44,2.9214238358055615
47,MT,28,3.3959294469192574
47,PA,24,1.2051203151952012
47,PB,36,9.144812531343108
47,PE,47,5.343818386432594
47,PI,15,2.5333768608942484
47,PR,29,2.7652219418978476
47,RJ,28,0.39390072790399033
47,RN,44,7.714480919542158
47,RO,23,1.6528394024792727
47,RR,7,0.4951755050542564
47,RS,39,5.971683506484357
47,SC,24,5.027446324129627
47,SE,83,13.0312114703836
47,SP,57,3.164648585351174
47,TO,7,4.017754823816885
48,AC,32,3.5612159063140285
48,AL,31,2.246345593150319
48,AM,13,0.730726351019533
48,AP,6,0.5516476174316418
48,BA,48,5.42621118533195
48,CE,63,5.076372862020424
48,DF,100,3.1635977595970926
48,ES,49,8.129777432033478
48,GO,31,3.583028626607212
48,MA,13,2.5785399420082173
48,MG,45,8.583761249793914
48,MS,43,2.0659623773376157
48,MT,28,14.57143939592641
48,PA,20,0.8790974279926348
48,PB,43,9.844354350156113
48,PE,32,3.9295449996590106
48,PI,9,1.717059210586139
48,PR,54,7.058830141899017
48,RJ,60,1.1344014751851978
48,RN,37,5.5880326120448895
48,RO,33,2.3941718095997313
48,RR,7,1.5185382154997196
48,RS,61,10.708368990137254
48,SC,64,18.327237543834556
48,SE,47,13.327796174338955
48,SP,81,8.437667777243137
48,TO,9,5.681232364507869
49,AC,32,0.5027796754487579
49,AL,26,0.8985382372601274
49,AM,21,0.8214350286763695
49,AP,12,1.8541489363674626
49,BA,18,2.29812211175627
49,CE,24,0.6249236886340933
49,DF,100,0.3349159287699355
49,ES,46,5.147099348203014
49,GO,15,0.5893139188498704
49,MA,3,0.26592891603065777
49,MG,17,1.3702452141334207
49,MS,15,0.3497261112357116
49,MT,10,1.0745328996222128
49,PA,21,0.5880055644189147
49,PB,13,0.9611351880329931
49,PE,29,2.0971860413118777
49,PI,6,0.6363653436225785
49,PR,32,2.0443606421893326
49,RJ,41,0.2948386118488335
49,RN,15,0.7381934363398788
49,RO,17,0.7671727005992949
49,RR,7,0.2750975028079202
49,RS,23,1.6633245887197663
49,SC,34,4.675741696832507
49,SE,20,0.718685459612677
49,SP,40,0.7737533663248247
49,TO,5,1.4830935145101187
50,AC,5,0.09743215604110547
50,AL,14,0.29951274575337583
50,AM,5,0.1862635796716457
50,AP,12,1.5591706964908207
50,BA,8,0.3248933630623172
50,CE,25,1.1594943663856174
50,DF,100,0.8282380400661916
50,ES,40,3.2466318965588234
50,GO,17,1.2414879890437271
50,MA,6,0.6185915708282378
50,MG,20,1.965692087290876
50,MS,23,0.798838785903878
50,MT,15,2.1697803894896546
50,PA,8,0.19938730275735692
50,PB,17,1.9659583391583952
50,PE,15,0.9154053692387469
50,PI,8,1.4059053068379133
50,PR,23,2.0498710482329696
50,RJ,43,0.3040936355391556
50,RN,17,1.432828874883305
50,RO,13,0.8759028561904046
50,RR,20,0.5525871578141701
50,RS,17,1.336395273005881
50,SC,25,3.673797047511255
50,SE,12,0.5991719177797654
50,SP,54,3.375217354269356
50,TO,7,1.47291209450204
51,AC,9,0.3897286241644219
51,AP,6,0.6180496454558209
51,BA,0,0.48186431375534683
51,CE,4,0.0875034870139575
51,DF,100,0.27404731402658533
51,ES,13,0.927197756711256
51,GO,8,0.4052574908616079
51,MA,3,0.3401090873444728
51,MG,7,0.48125977197967007
51,MS,10,0.2952520989748515
51,MT,3,0.27972298892545217
51,PA,3,0.038257787783974644
51,PB,0,2.0096463022508035
51,PE,2,0.15051450772596725
51,PR,23,1.57518892761681
51,RJ,24,0.1344413967646793
51,RO,6,4.222937306272751
51,RS,28,2.1896062777964875
51,SC,17,2.2318091400421567
51,SE,3,0.36821538980155677
51,SP,36,0.6932792601427403
52,AC,14,0.24319066147859925
52,AL,18,1.1058932150893874
52,AM,5,0.16730657629677997
52,BA,25,2.971496601491306
52,CE,28,1.3110890361957512
52,DF,100,3.131916523091829
52,ES,74,13.620016736783358
52,GO,23,2.129387626777532
52,MA,4,0.5827311899106588
52,MG,31,4.121496730469373
52,MS,16,0.46828480552985957
52,MT,11,1.0587309452160036
52,PA,6,0.056052107683497734
52,PB,11,1.1067617316743557
52,PE,10,0.7870253479430691
52,PI,4,0.46773924078386825
52,PR,26,2.4245786592002867
52,RJ,46,0.39399957995942764
52,RN,19,1.8918647922070306
52,RO,10,0.33244150359302777
52,RS,34,4.089484247438597
52,SC,26,6.491766373727273
52,SE,16,1.0927426546481545
52,SP,61,4.8686364729623195
52,TO,1,1.4504034538940915
53,AC,18,2.201008377453169
53,AL,42,7.4302200388818225
53,AM,66,49.07328925964511
53,AP,31,5.60490823512607
53,BA,44,15.014612674985448
53,CE,80,16.59347061435248
53,DF,100,3.032346922646713
53,ES,85,71.74264629956815
53,GO,36,5.680986177712751
53,MA,32,39.35942065951568
53,MG,49,18.15036854323327
53,MS,49,6.473348782324529
53,MT,37,18.07937850976054
53,PA,56,17.779891027082826
53,PB,88,85.65753296984948
53,PE,45,6.206894942643212
53,PI,44,12.769116382950445
53,PR,48,10.332011331819405
53,RJ,74,4.28375382237767
53,RN,89,60.68030285130797
53,RO,35,3.4778495760501364
53,RR,20,3.8225697866805204
53,RS,17,1.2905104567653358
53,SC,40,21.437440726102608
53,SE,80,41.11805225137276
53,SP,89,32.55097778273881
53,TO,13,6.242341733841979
54,AC,73,12.372471756987915
54,AL,77,10.505985543349182
54,AM,71,8.876175969737268
54,AP,69,15.03472941880573
54,BA,85,24.274787748022984
54,CE,95,24.45181052505076
54,DF,100,11.817101216463534
54,ES,95,59.574375532790775
54,GO,79,24.271875937696663
54,MA,43,12.78886843571785
54,MG,81,27.641648220188852
54,MS,87,18.304426663211274
54,MT,61,13.653978396923636
54,PA,65,7.399555172043966
54,PB,78,28.63017847989189
54,PE,75,16.73963842894514
54,PI,33,5.804143810432019
54,PR,90,30.847253032280015
54,RJ,98,5.481618317153648
54,RN,75,19.10438499844407
54,RO,71,10.584759579283025
54,RR,73,12.498663477938821
54,RS,77,28.075771937183642
54,SC,77,39.1802105578331
54,SE,88,18.102389101119034
54,SP,94,21.997883326300816
54,TO,38,27.774913782038464
55,AC,9,0.50163090238985
55,AL,10,0.4525484552623999
55,AM,23,1.505078155831277
55,AP,6,0.40210458860981113
55,BA,16,0.850118342153742
55,CE,53,3.203973832203367
55,DF,100,1.098872705937691
55,ES,41,4.28536778311925
55,GO,20,1.6579364916976354
55,MA,8,1.3054692241505017
55,MG,18,1.9118866469453226
55,MS,27,1.2482112990242789
55,MT,16,1.534662034695549
55,PA,9,0.413879704208453
55,PB,13,1.433350671458294
55,PE,15,1.4458536824611596
55,PI,6,0.8424461161743563
55,PR,36,3.1244002267421878
55,RJ,41,0.4482075758598858
55,RN,14,1.4576278361793622
55,RO,19,1.1451455921140694
55,RR,7,0.23905024381929615
55,RS,29,2.386352868510149
55,SC,28,5.1140924809105535
55,SE,19,1.3095402169555366
55,SP,51,1.7893985617337207
55,TO,4,1.6963435315178133
56,AC,14,0.23675103337091044
56,AL,21,0.9215776792411563
56,AM,5,0.300250522445063
56,BA,2,0.07192004682915625
56,CE,11,0.266314960477262
56,DF,100,0.3245330025203111
56,ES,27,1.6629090201886656
56,GO,8,0.5421688053418808
56,MA,8,1.467461755614433
56,MG,10,0.8680611042415912
56,MS,18,0.6060156306857005
56,MT,12,1.0392034297869996
56,PA,8,0.1844875544249444
56,PB,16,1.6282535733564907
56,PE,11,0.6297180606620115
56,PI,2,0.25871183651150476
56,PR,12,0.7990088763273673
56,RJ,21,0.06259445636645393
56,RN,43,7.633731650208358
56,RO,19,0.7986173100559573
56,RR,13,0.5332659285199685
56,RS,13,1.2388900384947226
56,SC,11,2.0429113529691163
56,SE,11,0.29240633896005974
56,SP,53,5.188654855539382
56,TO,2,0.7039372088009749
57,AC,82,50.77486183950827
57,AL,100,93.47101611703428
57,AM,77,43.54985772399746
57,AP,75,45.54757169772245
57,BA,100,185.25936978698323
57,CE,101,113.54440768779018
57,DF,100,42.0726820789908
57,ES,100,305.3417705641664
57,GO,99,127.46467188776798
57,MA,92,138.5859640576813
57,MG,100,208.7794566581718
57,MS,99,104.17959614787817
57,MT,93,177.03399394482935
57,PA,97,68.37747875346686
57,PB,99,173.776154527238
57,PE,99,185.29144291005758
57,PI,100,110.91960661061026
57,PR,100,175.98583781563536
57,RJ,100,70.42279740590254
57,RN,100,158.7216186151981
57,RO,100,113.68535824320412
57,RR,93,67.26492766483399
57,RS,98,153.98370770123987
57,SC,99,311.9596413355438
57,SE,100,100.64287165162985
57,SP,100,134.78483154634242
57,TO,88,158.16270348105238
58,AC,64,36.6042791502026
58,AL,46,12.418259227774582
58,AM,58,41.200071026601314
58,AP,56,32.68945189986983
58,BA,61,31.604013795649596
58,CE,93,107.16923724928833
58,DF,100,33.58211069558001
58,ES,99,401.2625861096523
58,GO,74,72.36774923476409
58,MA,66,169.50193486526285
58,MG,76,80.36739272947459
58,MS,82,53.82520647090268
58,MT,48,176.44034271018052
58,PA,31,4.733153701708689
58,PB,98,508.4696397781816
58,PE,61,20.28404336471711
58,PI,37,24.69179512687955
58,PR,86,51.51127569591882
58,RJ,73,13.725200132747714
58,RN,99,399.6637341674499
58,RO,88,129.38608495247394
58,RR,93,165.7107810649039
58,RS,88,56.759517689554514
58,SC,88,211.76517640341865
58,SE,85,32.491005808793886
58,SP,98,95.98973921904832
58,TO,47,154.02452188221332
59,AC,100,94.50071899847741
59,AL,52,5.713781611295169
59,AM,90,14.034244329875149
59,AP,62,5.161549741779694
59,BA,54,11.138747542605483
59,CE,48,4.592908779923241
59,DF,100,7.006079158592703
59,ES,95,66.06763932590842
59,GO,52,11.479835139195476
59,MA,43,12.379088095576035
59,MG,46,11.15924832766773
59,MS,72,7.2308683206816555
59,MT,81,35.295264314577295
59,PA,54,5.035889239825358
59,PB,27,5.533808658371778
59,PE,39,6.045024481009531
59,PI,23,3.2406469608245443
59,PR,84,34.85331822600413
59,RJ,76,3.6597007964016637
59,RN,23,3.080582080999106
59,RO,90,21.723958946052303
59,RR,93,15.070558849477367
59,RS,81,31.442570328833654
59,SC,84,99.50562798571677
59,SE,68,10.878363363919904
59,SP,77,11.567988434986383
59,TO,35,25.60061497586879
60,AC,64,5.103185680181959
60,AL,52,5.5755449594089965
60,AM,47,5.208216246972555
60,AP,25,3.1314515369761593
60,BA,65,9.431271822124579
60,CE,83,13.016655837480942
60,DF,100,3.8560590717835805
60,ES,91,30.64503765776255
60,GO,69,14.080673901052906
60,MA,25,6.383458636922782
60,MG,85,34.08753997358612
60,MS,68,7.258414485712824
60,MT,26,6.638100169255363
60,PA,46,3.813303412815734
60,PB,66,20.052775059415627
60,PE,58,9.79595379886586
60,PI,13,2.2491057265424077
60,PR,89,25.948502059486707
60,RJ,82,3.2128153667832526
60,RN,62,11.916360142779487
60,RO,42,6.2500485134814046
60,RR,47,4.878395716460452
60,RS,63,12.033293059082997
60,SC,88,55.42006341558172
60,SE,80,14.606544185660667
60,SP,93,16.598136532958254
60,TO,21,11.362464729015738
61,AC,64,7.7832760014285975
61,AL,74,20.078873686466693
61,AM,53,10.960895265292995
61,AP,19,5.562446809102388
61,BA,52,9.032317939589277
61,CE,92,26.172614885057683
61,DF,100,6.585171302165622
61,ES,90,59.627166295336444
61,GO,54,13.640652841645002
61,MA,47,21.04759432338415
61,MG,40,5.484567885890054
61,MS,86,29.474396583349986
61,MT,60,26.08467546184357
61,PA,56,8.593031812696218
61,PB,78,30.800013980148186
61,PE,41,5.598485276502824
61,PI,50,19.03275491170833
61,PR,84,54.40423886882825
61,RJ,76,2.099568231461648
61,RN,83,40.8356229341742
61,RO,62,15.373103198482488
61,RR,67,12.910445414385611
61,RS,49,8.907389952695851
61,SC,68,68.40359616303627
61,SE,85,16.362571384306676
61,SP,91,20.9807356971709
61,TO,37,32.12351139437782
62,AC,18,2.1279182879377427
62,AL,31,3.061685845478953
62,AM,10,0.8728443005818906
62,AP,19,1.202691201968084
62,BA,15,2.800022363713502
62,CE,39,1.5198559085303613
62,DF,100,0.6980521186285936
62,ES,41,4.13040582310467
62,GO,27,2.4226642112574135
62,MA,14,2.321783115475145
62,MG,14,1.2120806860646856
62,MS,29,1.883562095374475
62,MT,39,7.512954620316832
62,PA,48,3.510410527745782
62,PB,27,3.856348309724515
62,PE,6,1.1554201916611015
62,PI,10,0.9058610161281402
62,PR,37,3.204694714806613
62,RJ,54,0.670649747567435
62,RN,25,2.374703149990419
62,RO,25,2.4212876795285765
62,RR,47,2.016714784220971
62,RS,13,1.0657997910922696
62,SC,34,6.808669321523959
62,SE,19,1.096523771100224
62,SP,52,1.9252614967915889
62,TO,4,2.265329847471223
63,AC,23,2.73964788394101
63,AL,41,3.674790995974111
63,AM,2,0.08787820169123797
63,AP,6,2.781223404551194
63,BA,9,0.25699430066951834
63,CE,25,1.0734541483852713
63,DF,100,0.1276499456270498
63,ES,37,8.84245272640005
63,GO,9,0.3928759458999136
63,MA,7,1.2263787529063472
63,MG,44,9.713675497050533
63,MS,16,0.4407386404986914
63,MT,6,8.996879818615437
63,PA,7,0.15950121818760019
63,PB,28,4.019292604501607
63,PE,77,19.848667640323075
63,PI,9,1.1366448295429372
63,PR,37,4.766501227746018
63,RJ,53,0.4852276706211743
63,RN,28,2.3641676435574532
63,RO,19,1.066202059810991
63,RR,7,6.932457070759589
63,RS,33,4.2386099002203705
63,SC,29,5.448074030684304
63,SE,19,8.771130725544692
63,SP,58,5.103767350301805
63,TO,1,0.724131139183798
64,AC,73,10.31651205849734
64,AL,68,11.27780684971365
64,AM,40,4.398686073784248
64,AP,25,1.305965772571865
64,BA,78,14.800620673594887
64,CE,89,11.65640096242785
64,DF,100,12.36473401891167
64,ES,99,95.86802478294022
64,GO,79,26.385548526638196
64,MA,45,20.963739365920468
64,MG,86,41.92519911725503
64,MS,82,16.692976008887936
64,MT,70,28.72912187073392
64,PA,51,3.4989242001561163
64,PB,70,21.7274803112913
64,PE,69,16.058666142072408
64,PI,61,16.747373286350722
64,PR,98,64.94564563030588
64,RJ,97,6.848717530838373
64,RN,69,19.999903045246132
64,RO,92,24.395350649395162
64,RR,47,3.596537878815125
64,RS,90,40.26966185310855
64,SC,93,144.67663259261653
64,SE,81,13.796070093977892
64,SP,99,38.91678945869664
64,TO,35,21.392294705862962
65,AC,27,1.2943541897431527
65,AL,27,1.774037032539226
65,AM,13,1.2322052193662714
65,AP,12,3.3786713951584875
65,BA,2,0.03738602434308726
65,CE,34,1.1927201857107426
65,DF,100,0.37571966417961716
65,ES,42,4.38163329129077
65,GO,33,3.0487173401833294
65,MA,23,4.391903397160338
65,MG,27,2.155804643178497
65,MS,38,1.7491814794791813
65,MT,38,4.635370506910155
65,PA,23,0.9298767864160504
65,PB,28,3.989954702278968
65,PE,27,3.6839484371803235
65,PI,17,1.9182152850131058
65,PR,56,6.083488272175265
65,RJ,65,0.6240530259760062
65,RN,40,4.503858763383189
65,RO,37,2.2219594513653647
65,RR,20,0.5525871578141701
65,RS,13,0.9953876614000106
65,SC,36,8.41216028492634
65,SE,45,2.8312561602784925
65,SP,56,1.8419837419693885
65,TO,10,4.2346222716933655
66,AL,4,0.175336929782095
66,AM,2,0.026719723487200732
66,BA,0,0.09034955882912754
66,CE,10,0.23628955391139844
66,ES,12,0.6115251106567982
66,GO,1,0.47026181826732033
66,MA,0,0.4223576901663388
66,MG,2,0.07174058712740423
66,MS,4,0.570205616145182
66,MT,2,0.24825415267133882
66,PA,1,0.2678045144878225
66,PB,6,0.5825061745654504
66,PE,7,0.1373367669674694
66,PR,6,0.2975619263563989
66,RJ,23,0.09426902701713824
66,RN,9,0.3733190857606111
66,RS,6,0.36707852992436224
66,SC,1,0.5839286485905714
66,SP,14,0.20808707036114218
67,AC,14,0.2111030047557285
67,AL,3,0.1044342589067077
67,AM,16,0.39401911084386587
67,AP,6,0.3893712766371672
67,BA,15,0.5240714069309976
67,CE,29,0.827624954098568
67,DF,100,1.2672494602105666
67,ES,37,2.982678083830464
67,GO,22,1.3750658106496978
67,MA,6,0.7861402262220175
67,MG,19,1.4635079773990463
67,MS,35,0.9916619411220556
67,MT,27,2.1539698540601453
67,PA,18,0.6520457744051332
67,PB,21,1.6550028371477208
67,PE,16,0.8595879686754088
67,PI,9,0.5645948161463478
67,PR,25,1.8404756185747633
67,RJ,45,0.3411137303004441
67,RN,17,0.9313387686741482
67,RO,19,0.7120007006086895
67,RR,13,0.17331142676898972
67,RS,21,1.3191884669156768
67,SC,31,4.696615543693365
67,SE,25,1.097742130845891
67,SP,40,1.0494499541318252
67,TO,10,2.6003650623618104
68,AC,27,1.9825325664016242
68,AL,30,1.7394778695676827
68,AM,31,1.2107132678656969
68,AP,19,1.1733286237950349
68,BA,25,1.019328356020926
68,CE,59,3.2326539048701495
68,DF,100,2.0457027000542003
68,ES,62,7.073962181120039
68,GO,40,3.402305691493252
68,MA,24,3.438053256010957
68,MG,40,5.484567885890054
68,MS,52,2.6857510905389006
68,MT,28,4.32619368993436
68,PA,36,1.6010052496554608
68,PB,31,4.252295074327788
68,PE,44,3.349044033800294
68,PI,17,2.3821173555314745
68,PR,58,5.89062406064797
68,RJ,67,1.3684213599262003
68,RN,25,1.3611874311391399
68,RO,50,3.0462915994599737
68,RR,20,1.354618048309345
68,RS,40,4.852319317437662
68,SC,41,8.03643104143087
68,SE,23,1.5119844443726425
68,SP,65,3.2580275240298686
68,TO,16,4.168387303940079
69,AC,5,2.763530244074991
69,AL,16,3.8799982292119197
69,AM,10,1.7411688469420656
69,AP,12,0.46353723409186565
69,BA,22,3.847385380140348
69,CE,2,3.282821650865352
69,ES,92,236.15092563159473
69,GO,73,57.18702268519142
69,MA,3,0.7397658936852843
69,MG,16,3.1299866313016254
69,MS,24,2.6094155315118495
69,MT,17,5.1004944094293245
69,PA,3,0.31649624439469937
69,PB,17,6.430868167202573
69,PE,7,2.8243604685049144
69,PI,1,0.6787896998640837
69,PR,84,116.12179550514828
69,RJ,32,0.3791667518128846
69,RN,40,8.882419626717988
69,RO,33,5.179775964329991
69,RS,65,65.31781804596575
69,SC,25,125.46573553167225
69,SE,36,7.536537575131863
69,SP,90,88.52802910983702
69,TO,5,5.983466274808287
70,AC,14,1.1385330593567378
70,AL,45,1.8201159165012837
70,AM,19,0.7996270190654925
70,AP,31,1.832335419469022
70,BA,37,4.106321978089043
70,CE,40,1.2216096019736324
70,DF,100,2.253893682803079
70,ES,76,11.50838623495648
70,GO,46,6.521740701938566
70,MA,16,2.735767987252621
70,MG,37,4.670312221994015
70,MS,53,3.5396822065051152
70,MT,23,3.0222244673032552
70,PA,38,2.0842177431878364
70,PB,26,4.209988968948765
70,PE,30,2.220219191819371
70,PI,8,1.2355958817818546
70,PR,37,3.196035505309469
70,RJ,66,1.0682941631114684
70,RN,20,2.062742902470891
70,RO,25,1.043354872815041
70,RR,20,1.1344020661242964
70,RS,42,5.305431877813048
70,SC,33,6.784000229779306
70,SE,43,2.711404233993281
70,SP,71,4.987328736922826
70,TO,11,2.437708482329302
71,AC,5,0.4605883740124986
71,AL,13,0.5529466075446937
71,AM,5,0.0891387496663172
71,AP,12,0.25871845623732037
71,BA,9,0.3980618244065909
71,CE,30,1.8437189571502752
71,DF,100,1.3215601513624482
71,ES,26,2.1116305018268773
71,GO,9,0.6757466269478515
71,MA,4,0.16649462568875964
71,MG,17,2.137869496396646
71,MS,9,0.20659623773376157
71,MT,6,0.32617333927621156
71,PA,6,0.1862987926871809
71,PB,8,0.6454338488980683
71,PE,20,2.137806441575854
71,PI,4,0.22974735916293412
71,PR,22,1.779861152094756
71,RJ,27,0.177167596357595
71,RN,7,0.5253705874572118
71,RO,12,0.2030861066306649
71,RR,13,0.30141117698954734
71,RS,17,1.7723010272910615
71,SC,17,2.275249307833675
71,SE,7,0.16994556452379544
71,SP,28,1.4220535169445563
72,BA,0,0.48186431375534683
72,CE,1,0.031411508158856544
72,DF,100,0.6245729482466363
72,MG,1,0.1511632095352716
72,MS,3,0.13108175083797288
72,PA,1,0.2678045144878225
72,RJ,2,0.05347882997732283
72,RR,7,2.3108190235865296
72,RS,2,0.07854709955681127
72,SC,1,0.10474875879267628
72,SP,2,0.01577555407070031
73,AC,14,0.44377857934050957
73,AL,15,0.43356040818845304
73,AM,5,0.2670022003939986
73,AP,19,0.30419630987278684
73,BA,14,0.5202737880401933
73,CE,32,2.827035734297089
73,DF,100,0.9911701135218358
73,ES,33,2.1644212643725487
73,GO,18,1.587218821435651
73,MA,7,0.648866555114805
73,MG,24,2.460702138469965
73,MS,39,1.6787075317169593
73,MT,17,1.4048490810083514
73,PA,15,0.6345802625907099
73,PB,13,0.9611351880329931
73,PE,21,3.181591832110279
73,PI,10,0.773885841390936
73,PR,34,6.496768725448041
73,RJ,40,0.2657513945363925
73,RN,21,2.244765237317178
73,RO,13,0.5044209308775007
73,RR,20,0.6681886333262255
73,RS,29,3.7797617378149173
73,SC,27,4.279138606476177
73,SE,15,0.570432038299133
73,SP,55,4.548618090385256
73,TO,8,5.219166621894404
74,AC,5,5.0664721141374836
74,AL,1,1.5897214966909947
74,AM,2,0.9886297690264271
74,BA,1,0.0688377591079067
74,CE,2,0.15420194914347757
74,DF,100,0.06336247301052833
74,ES,3,0.05855047068137876
74,GO,1,0.02828706810479378
74,MA,0,0.1305469224150502
74,MG,2,0.10402385133473613
74,MS,4,0.15410962598518432
74,MT,2,0.11546704775411107
74,PA,1,0.8034135434634675
74,PB,1,0.08551686392556611
74,PE,2,0.025891769000808994
74,PR,3,0.09918730878546628
74,RJ,8,0.02606516876049905
74,RO,4,0.06886830843663637
74,RS,15,2.340125628267809
74,SC,4,0.37572924349546927
74,SP,12,0.2779502383885292
75,AC,45,7.049004680539108
75,AL,38,2.891449968619128
75,AM,50,2.206507020725649
75,AP,12,1.5329577820360911
75,BA,49,5.949976743761675
75,CE,53,7.944380128698632
75,DF,100,3.530194924872293
75,ES,64,12.168270766777379
75,GO,26,2.9858571888393435
75,MA,20,2.26848927500935
75,MG,37,6.79742063032155
75,MS,46,1.9282315521817748
75,MT,33,4.198415817235877
75,PA,30,1.6534017850987304
75,PB,19,3.6843515541264735
75,PE,40,8.082359601571376
75,PI,8,1.330116289890671
75,PR,54,9.367690274182927
75,RJ,76,2.8399701266874184
75,RN,26,2.2567054779412055
75,RO,48,3.5534550016164443
75,RR,67,4.098751990741071
75,RS,48,12.629795670210088
75,SC,56,33.43990267109676
75,SE,31,2.392713064699295
75,SP,64,7.2597597399641804
75,TO,14,3.577072229504954
76,AC,77,8.44412019022914
76,AL,76,9.400092328259793
76,AM,50,5.258364133807228
76,AP,50,4.635372340918657
76,BA,92,53.04697575776253
76,CE,96,33.69908538346892
76,DF,100,12.595554456307168
76,ES,96,72.69288002539024
76,GO,78,22.61393944599903
76,MA,45,17.79411312048619
76,MG,91,48.07336743407357
76,MS,81,13.235932297476324
76,MT,62,21.299486721946753
76,PA,75,8.48823874180968
76,PB,74,25.790460878885316
76,PE,92,38.46935246825271
76,PI,53,11.547827789505373
76,PR,94,44.82164275894348
76,RJ,98,12.165067567807698
76,RN,80,21.540194085745686
76,RO,79,11.744042771299736
76,RR,80,13.563502964529631
76,RS,87,55.56651246730033
76,SC,93,104.03525275452327
76,SE,76,12.787480113217107
76,SP,96,34.3929615247082
76,TO,27,13.677040877518943
77,AC,36,14.04136557346674
77,AL,34,8.088877027280649
77,AM,21,10.105993194492365
77,AP,12,4.3263475181907465
77,BA,51,21.392239402770265
77,CE,88,54.60642707826482
77,DF,100,5.024219557134446
77,ES,90,152.29849638953132
77,GO,79,140.45025578382825
77,MA,17,11.022394206070722
77,MG,46,32.55342415517221
77,MS,66,32.36302145688871
77,MT,50,49.12819021285442
77,PA,10,1.670254471937209
77,PB,46,41.72660348620748
77,PE,3,8.660446842000328
77,PI,37,20.790992169598212
77,PR,91,170.23761424800983
77,RJ,26,1.1736370582430113
77,RN,77,33.1737924240128
77,RO,69,48.125918457774866
77,RR,13,7.826967660535021
77,RS,78,127.72521598621468
77,SC,66,196.11374036393698
77,SE,35,11.362074885305178
77,SP,90,65.86732693314835
77,TO,22,44.28938272039468
78,AC,18,2.9634082177030563
78,AL,16,2.511759964771772
78,AM,8,1.6177578038614262
78,AP,19,1.4462361703666209
78,BA,18,3.9031009414183098
78,CE,56,10.03320525309359
78,DF,100,2.1619832823922027
78,ES,37,11.467326752976513
78,GO,50,24.460154179462545
78,MA,5,1.3991952197305377
78,MG,40,14.859301718121387
78,MS,30,4.082953794619822
78,MT,24,9.648059115181576
78,PA,8,0.6811549607625051
78,PB,25,7.740859830891984
78,PE,1,1.3248818197713963
78,PI,17,7.918104031584467
78,PR,54,23.24351651161304
78,RJ,33,0.49760776724589095
78,RN,54,41.094964960528074
78,RO,31,9.403074779691112
78,RR,7,1.2604467401381072
78,RS,63,14.642991982764011
78,SC,31,21.77061943561248
78,SE,9,0.8284846270535027
78,SP,65,8.76465198889038
78,TO,9,8.10346321759262
79,AC,9,0.18094543264776727
79,AL,3,0.06911832594308671
79,AM,5,0.1609397298415114
79,BA,4,0.12973269985720876
79,CE,17,0.2869869609059165
79,DF,100,0.15388029159699737
79,ES,26,2.0738677665752285
79,GO,9,0.722891740455841
79,MA,4,0.21852419621649705
79,MG,24,2.905493778659871
79,MS,8,0.17905007270259338
79,MT,8,0.33230870830021736
79,PA,5,0.08732755907211605
79,PB,13,1.223262966587446
79,PE,12,0.4632844246757073
79,PI,0,0.08631162131892443
79,PR,19,1.057997960378307
79,RJ,35,0.17452330387464582
79,RN,14,0.6805937155695699
79,RO,12,0.43473119700626706
79,RR,7,0.19620161521017707
79,RS,16,1.0897643857129502
79,SC,14,2.275249307833675
79,SE,12,0.3358721461027714
79,SP,41,1.2950978675184444
79,TO,1,5.136845565874908
